"ID","Short Postcode","Population"
"E01014540","BS1  1",1216
"E01014540","BS1  2",545
"E01014542","BS1  2",545
"E01033358","BS1  3",2379
"E01033342","BS1  3",2379
"E01014540","BS1  3",2379
"E01033347","BS1  3",2379
"E01033353","BS1  3",2379
"E01033367","BS1  3",2379
"E01033348","BS1  3",2379
"E01014489","BS1  3",2379
"E01014540","BS1  4",531
"E01033345","BS1  4",531
"E01033345","BS1  5",3174
"E01033344","BS1  5",3174
"E01014542","BS1  5",3174
"E01014540","BS1  5",3174
"E01033350","BS1  5",3174
"E01033355","BS1  6",4210
"E01033370","BS1  6",4210
"E01033353","BS1  6",4210
"E01014540","BS1  6",4210
"E01033350","BS1  6",4210
"E01033345","BS1  6",4210
"E01014633","BS10 5",9553
"E01014636","BS10 5",9553
"E01014632","BS10 5",9553
"E01014635","BS10 5",9553
"E01014720","BS10 5",9553
"E01014688","BS10 5",9553
"E01014692","BS10 5",9553
"E01014631","BS10 5",9553
"E01014689","BS10 5",9553
"E01014691","BS10 5",9553
"E01014690","BS10 5",9553
"E01014603","BS10 6",10280
"E01014691","BS10 6",10280
"E01014689","BS10 6",10280
"E01014690","BS10 6",10280
"E01014693","BS10 6",10280
"E01014694","BS10 6",10280
"E01014601","BS10 6",10280
"E01014605","BS10 6",10280
"E01032516","BS10 7",7926
"E01032517","BS10 7",7926
"E01014718","BS10 7",7926
"E01014605","BS10 7",7926
"E01014601","BS10 7",7926
"E01014602","BS10 7",7926
"E01014498","BS11 0",9627
"E01014499","BS11 0",9627
"E01014492","BS11 0",9627
"E01014493","BS11 0",9627
"E01014497","BS11 0",9627
"E01014638","BS11 0",9627
"E01014640","BS11 0",9627
"E01014642","BS11 0",9627
"E01014639","BS11 0",9627
"E01014496","BS11 0",9627
"E01014496","BS11 9",7823
"E01014499","BS11 9",7823
"E01014493","BS11 9",7823
"E01014494","BS11 9",7823
"E01014498","BS11 9",7823
"E01014495","BS11 9",7823
"E01014492","BS11 9",7823
"E01014593","BS13 0",7584
"E01032515","BS13 0",7584
"E01032514","BS13 0",7584
"E01014727","BS13 0",7584
"E01014726","BS13 0",7584
"E01014500","BS13 7",8362
"E01014518","BS13 7",8362
"E01014520","BS13 7",8362
"E01014598","BS13 7",8362
"E01014599","BS13 7",8362
"E01014521","BS13 7",8362
"E01014519","BS13 7",8362
"E01014600","BS13 7",8362
"E01014594","BS13 7",8362
"E01014593","BS13 7",8362
"E01014522","BS13 8",7380
"E01014847","BS13 8",7380
"E01014520","BS13 8",7380
"E01014521","BS13 8",7380
"E01014595","BS13 8",7380
"E01014600","BS13 8",7380
"E01014515","BS13 8",7380
"E01014516","BS13 8",7380
"E01014517","BS13 8",7380
"E01014597","BS13 8",7380
"E01014600","BS13 9",6423
"E01014595","BS13 9",6423
"E01014594","BS13 9",6423
"E01014597","BS13 9",6423
"E01014596","BS13 9",6423
"E01014593","BS13 9",6423
"E01014607","BS14 0",8915
"E01032515","BS14 0",8915
"E01014608","BS14 0",8915
"E01014611","BS14 0",8915
"E01014723","BS14 0",8915
"E01014722","BS14 0",8915
"E01033359","BS14 0",8915
"E01014725","BS14 0",8915
"E01014612","BS14 0",8915
"E01014704","BS14 0",8915
"E01014610","BS14 0",8915
"E01014609","BS14 0",8915
"E01014708","BS14 8",7808
"E01014706","BS14 8",7808
"E01014703","BS14 8",7808
"E01014704","BS14 8",7808
"E01014707","BS14 8",7808
"E01014705","BS14 8",7808
"E01014702","BS14 8",7808
"E01014447","BS14 8",7808
"E01014645","BS14 9",11588
"E01014613","BS14 9",11588
"E01014708","BS14 9",11588
"E01014614","BS14 9",11588
"E01014704","BS14 9",11588
"E01014608","BS14 9",11588
"E01014610","BS14 9",11588
"E01014612","BS14 9",11588
"E01014611","BS14 9",11588
"E01014609","BS14 9",11588
"E01014673","BS15 1",12002
"E01014675","BS15 1",12002
"E01014674","BS15 1",12002
"E01014687","BS15 1",12002
"E01014685","BS15 1",12002
"E01014627","BS15 1",12002
"E01014924","BS15 1",12002
"E01014624","BS15 1",12002
"E01014623","BS15 1",12002
"E01014923","BS15 1",12002
"E01014680","BS15 3",8861
"E01014679","BS15 3",8861
"E01014916","BS15 3",8861
"E01014675","BS15 8",7414
"E01014676","BS15 8",7414
"E01014687","BS15 8",7414
"E01014673","BS15 8",7414
"E01014577","BS16 1",12240
"E01014660","BS16 1",12240
"E01014571","BS16 1",12240
"E01014575","BS16 1",12240
"E01014587","BS16 1",12240
"E01014586","BS16 1",12240
"E01014573","BS16 1",12240
"E01014590","BS16 1",12240
"E01014572","BS16 2",9125
"E01014573","BS16 2",9125
"E01014571","BS16 2",9125
"E01014588","BS16 2",9125
"E01014589","BS16 2",9125
"E01014590","BS16 2",9125
"E01014586","BS16 2",9125
"E01014592","BS16 2",9125
"E01014591","BS16 2",9125
"E01014572","BS16 3",6892
"E01014573","BS16 3",6892
"E01014588","BS16 3",6892
"E01014590","BS16 3",6892
"E01014629","BS16 3",6892
"E01014626","BS16 3",6892
"E01014623","BS16 3",6892
"E01014622","BS16 3",6892
"E01014627","BS16 3",6892
"E01014592","BS16 3",6892
"E01032519","BS16 3",6892
"E01032519","BS16 4",9232
"E01032518","BS16 4",9232
"E01014629","BS16 4",9232
"E01014622","BS16 4",9232
"E01014624","BS16 4",9232
"E01014592","BS16 5",10054
"E01014591","BS16 5",10054
"E01032519","BS16 5",10054
"E01033353","BS2  0",2935
"E01033369","BS2  0",2935
"E01033358","BS2  0",2935
"E01033352","BS2  0",2935
"E01014540","BS2  0",2935
"E01014658","BS2  0",2935
"E01033347","BS2  8",5986
"E01033348","BS2  8",5986
"E01014542","BS2  8",5986
"E01014538","BS2  8",5986
"E01014539","BS2  8",5986
"E01033342","BS2  8",5986
"E01033367","BS2  8",5986
"E01014489","BS2  8",5986
"E01033366","BS2  8",5986
"E01014486","BS2  8",5986
"E01033358","BS2  9",6764
"E01033347","BS2  9",6764
"E01014486","BS2  9",6764
"E01033366","BS2  9",6764
"E01014488","BS2  9",6764
"E01014485","BS2  9",6764
"E01014665","BS2  9",6764
"E01014491","BS2  9",6764
"E01014787","BS20 0",4855
"E01033359","BS3  1",8940
"E01033361","BS3  1",8940
"E01014701","BS3  1",8940
"E01033362","BS3  1",8940
"E01014696","BS3  1",8940
"E01014698","BS3  1",8940
"E01033364","BS3  1",8940
"E01014505","BS3  1",8940
"E01014699","BS3  1",8940
"E01014700","BS3  1",8940
"E01014695","BS3  1",8940
"E01014695","BS3  2",6099
"E01014700","BS3  2",6099
"E01014696","BS3  2",6099
"E01014504","BS3  2",6099
"E01014501","BS3  2",6099
"E01014500","BS3  2",6099
"E01014506","BS3  2",6099
"E01033362","BS3  3",6191
"E01033364","BS3  3",6191
"E01014505","BS3  3",6191
"E01014696","BS3  3",6191
"E01014504","BS3  3",6191
"E01014506","BS3  3",6191
"E01014500","BS3  3",6191
"E01014502","BS3  3",6191
"E01033359","BS3  4",7681
"E01033361","BS3  4",7681
"E01033362","BS3  4",7681
"E01014733","BS3  4",7681
"E01014734","BS3  4",7681
"E01014736","BS3  4",7681
"E01014731","BS3  4",7681
"E01014730","BS3  4",7681
"E01014735","BS3  4",7681
"E01014731","BS3  5",8053
"E01014735","BS3  5",8053
"E01014734","BS3  5",8053
"E01014736","BS3  5",8053
"E01014729","BS3  5",8053
"E01014502","BS3  5",8053
"E01014733","BS3  5",8053
"E01014650","BS3  5",8053
"E01014649","BS3  5",8053
"E01014578","BS3  5",8053
"E01014579","BS3  5",8053
"E01014584","BS3  5",8053
"E01014500","BS3  5",8053
"E01014518","BS3  5",8053
"E01014985","BS35 1",6645
"E01014647","BS4  1",13034
"E01014650","BS4  1",13034
"E01014583","BS4  1",13034
"E01014582","BS4  1",13034
"E01014585","BS4  1",13034
"E01014578","BS4  1",13034
"E01014579","BS4  1",13034
"E01014646","BS4  1",13034
"E01014581","BS4  1",13034
"E01014580","BS4  1",13034
"E01014584","BS4  1",13034
"E01014730","BS4  2",10003
"E01014645","BS4  2",10003
"E01014732","BS4  2",10003
"E01014648","BS4  2",10003
"E01014649","BS4  2",10003
"E01014650","BS4  2",10003
"E01014735","BS4  2",10003
"E01014651","BS4  2",10003
"E01014646","BS4  2",10003
"E01014534","BS4  2",10003
"E01014533","BS4  2",10003
"E01014647","BS4  2",10003
"E01014730","BS4  3",8905
"E01014732","BS4  3",8905
"E01014531","BS4  3",8905
"E01014533","BS4  3",8905
"E01014649","BS4  3",8905
"E01014532","BS4  3",8905
"E01014534","BS4  3",8905
"E01014527","BS4  3",8905
"E01014537","BS4  3",8905
"E01014528","BS4  4",12451
"E01014529","BS4  4",12451
"E01014530","BS4  4",12451
"E01014537","BS4  4",12451
"E01014523","BS4  4",12451
"E01014525","BS4  4",12451
"E01014533","BS4  4",12451
"E01014531","BS4  4",12451
"E01014532","BS4  4",12451
"E01014527","BS4  4",12451
"E01014524","BS4  4",12451
"E01014526","BS4  4",12451
"E01014527","BS4  5",3832
"E01014535","BS4  5",3832
"E01014536","BS4  5",3832
"E01014708","BS4  5",3832
"E01014526","BS4  5",3832
"E01033356","BS5  0",8792
"E01033369","BS5  0",8792
"E01033358","BS5  0",8792
"E01014653","BS5  0",8792
"E01014654","BS5  0",8792
"E01014564","BS5  0",8792
"E01014655","BS5  0",8792
"E01014568","BS5  6",13254
"E01014564","BS5  6",13254
"E01014570","BS5  6",13254
"E01014569","BS5  6",13254
"E01014574","BS5  6",13254
"E01014575","BS5  6",13254
"E01014573","BS5  6",13254
"E01014576","BS5  6",13254
"E01014665","BS5  6",13254
"E01014664","BS5  6",13254
"E01014681","BS5  7",10980
"E01014686","BS5  7",10980
"E01014576","BS5  7",10980
"E01014566","BS5  7",10980
"E01014570","BS5  7",10980
"E01014626","BS5  7",10980
"E01014683","BS5  7",10980
"E01014687","BS5  7",10980
"E01014682","BS5  7",10980
"E01014684","BS5  7",10980
"E01014678","BS5  7",10980
"E01014676","BS5  7",10980
"E01014685","BS5  7",10980
"E01014674","BS5  7",10980
"E01014684","BS5  8",9640
"E01014677","BS5  8",9640
"E01014681","BS5  8",9640
"E01014678","BS5  8",9640
"E01014682","BS5  8",9640
"E01014683","BS5  8",9640
"E01014676","BS5  8",9640
"E01014679","BS5  8",9640
"E01014680","BS5  8",9640
"E01014565","BS5  9",9968
"E01014566","BS5  9",9968
"E01014564","BS5  9",9968
"E01014570","BS5  9",9968
"E01014681","BS5  9",9968
"E01014567","BS5  9",9968
"E01014653","BS5  9",9968
"E01033356","BS5  9",9968
"E01014658","BS5  9",9968
"E01033369","BS5  9",9968
"E01014671","BS6  5",10788
"E01014487","BS6  5",10788
"E01014668","BS6  5",10788
"E01014488","BS6  5",10788
"E01014489","BS6  5",10788
"E01014486","BS6  5",10788
"E01014491","BS6  5",10788
"E01014485","BS6  5",10788
"E01033366","BS6  5",10788
"E01014563","BS6  5",10788
"E01033367","BS6  5",10788
"E01014539","BS6  5",10788
"E01014557","BS6  5",10788
"E01014542","BS6  5",10788
"E01014561","BS6  6",13016
"E01014563","BS6  6",13016
"E01014557","BS6  6",13016
"E01014539","BS6  6",13016
"E01014538","BS6  6",13016
"E01014558","BS6  6",13016
"E01014562","BS6  6",13016
"E01014560","BS6  6",13016
"E01014559","BS6  6",13016
"E01014669","BS6  6",13016
"E01014670","BS6  6",13016
"E01014672","BS6  6",13016
"E01014667","BS6  6",13016
"E01014670","BS6  7",10065
"E01014671","BS6  7",10065
"E01014561","BS6  7",10065
"E01014669","BS6  7",10065
"E01014672","BS6  7",10065
"E01014666","BS6  7",10065
"E01014667","BS6  7",10065
"E01014619","BS6  7",10065
"E01014621","BS6  7",10065
"E01014620","BS6  7",10065
"E01014615","BS6  7",10065
"E01014513","BS6  7",10065
"E01014635","BS7  0",15497
"E01014510","BS7  0",15497
"E01014659","BS7  0",15497
"E01014637","BS7  0",15497
"E01014662","BS7  0",15497
"E01014661","BS7  0",15497
"E01014634","BS7  0",15497
"E01014630","BS7  0",15497
"E01014632","BS7  0",15497
"E01014909","BS7  0",15497
"E01014631","BS7  0",15497
"E01014671","BS7  8",10314
"E01014668","BS7  8",10314
"E01014670","BS7  8",10314
"E01014512","BS7  8",10314
"E01014513","BS7  8",10314
"E01014511","BS7  8",10314
"E01014666","BS7  8",10314
"E01014508","BS7  8",10314
"E01014514","BS7  8",10314
"E01014637","BS7  8",10314
"E01014636","BS7  8",10314
"E01014510","BS7  8",10314
"E01014671","BS7  9",15350
"E01014512","BS7  9",15350
"E01014491","BS7  9",15350
"E01014488","BS7  9",15350
"E01014509","BS7  9",15350
"E01014508","BS7  9",15350
"E01014507","BS7  9",15350
"E01014510","BS7  9",15350
"E01014514","BS7  9",15350
"E01014664","BS7  9",15350
"E01014662","BS7  9",15350
"E01014661","BS7  9",15350
"E01014663","BS7  9",15350
"E01014660","BS7  9",15350
"E01014659","BS7  9",15350
"E01014555","BS8  1",4896
"E01014546","BS8  1",4896
"E01014554","BS8  1",4896
"E01014549","BS8  1",4896
"E01033344","BS8  1",4896
"E01014542","BS8  1",4896
"E01014551","BS8  1",4896
"E01014538","BS8  1",4896
"E01014538","BS8  2",7288
"E01014551","BS8  2",7288
"E01014552","BS8  2",7288
"E01014553","BS8  2",7288
"E01014556","BS8  2",7288
"E01014558","BS8  2",7288
"E01014560","BS8  2",7288
"E01014559","BS8  2",7288
"E01014545","BS8  3",5222
"E01014554","BS8  3",5222
"E01014551","BS8  3",5222
"E01014544","BS8  3",5222
"E01014552","BS8  3",5222
"E01014556","BS8  3",5222
"E01014545","BS8  4",8841
"E01014544","BS8  4",8841
"E01014547","BS8  4",8841
"E01014546","BS8  4",8841
"E01014550","BS8  4",8841
"E01014548","BS8  4",8841
"E01014549","BS8  4",8841
"E01033350","BS8  4",8841
"E01014717","BS9  1",8428
"E01014714","BS9  1",8428
"E01014712","BS9  1",8428
"E01014711","BS9  1",8428
"E01014713","BS9  1",8428
"E01014709","BS9  1",8428
"E01014710","BS9  1",8428
"E01014712","BS9  2",6637
"E01014716","BS9  2",6637
"E01014711","BS9  2",6637
"E01014641","BS9  2",6637
"E01014644","BS9  2",6637
"E01014642","BS9  2",6637
"E01014643","BS9  2",6637
"E01014719","BS9  3",8587
"E01014616","BS9  3",8587
"E01014619","BS9  3",8587
"E01014721","BS9  3",8587
"E01014717","BS9  3",8587
"E01014691","BS9  3",8587
"E01014718","BS9  3",8587
"E01014715","BS9  3",8587
"E01014716","BS9  3",8587
"E01014719","BS9  4",7473
"E01014721","BS9  4",7473
"E01014618","BS9  4",7473
"E01014720","BS9  4",7473
"E01014616","BS9  4",7473
"E01014633","BS9  4",7473
"E01014620","BS9  4",7473
"E01014619","BS9  4",7473
"E01014621","BS9  4",7473
"E01014615","BS9  4",7473
"E01014617","BS9  4",7473
"E01014636","BS9  4",7473
"E01018974","EX22 6",5972
"E01018951","EX22 7",4832
"E01018943","EX22 7",4832
"E01018951","EX23 0",3479
"E01018974","EX23 0",3479
"E01018969","EX23 0",3479
"E01018960","EX23 0",3479
"E01018938","EX23 0",3479
"E01018937","EX23 8",7442
"E01018960","EX23 8",7442
"E01018938","EX23 8",7442
"E01018936","EX23 8",7442
"E01018959","EX23 8",7442
"E01018961","EX23 8",7442
"E01018960","EX23 9",4870
"E01018959","EX23 9",4870
"E01018943","EX23 9",4870
"E01018951","EX23 9",4870
"E01018780","PL10 1",3676
"E01018781","PL10 1",3676
"E01018797","PL11 2",7938
"E01018798","PL11 2",7938
"E01033294","PL11 2",7938
"E01018800","PL11 2",7938
"E01018799","PL11 2",7938
"E01018781","PL11 2",7938
"E01018781","PL11 3",2478
"E01018757","PL11 3",2478
"E01018785","PL11 3",2478
"E01018786","PL12 4",10630
"E01018794","PL12 4",10630
"E01018789","PL12 4",10630
"E01018790","PL12 4",10630
"E01018795","PL12 4",10630
"E01018791","PL12 4",10630
"E01018793","PL12 4",10630
"E01018787","PL12 4",10630
"E01018788","PL12 4",10630
"E01018796","PL12 4",10630
"E01018763","PL12 4",10630
"E01018763","PL12 5",2466
"E01018785","PL12 5",2466
"E01018757","PL12 5",2466
"E01018793","PL12 6",8812
"E01018788","PL12 6",8812
"E01018792","PL12 6",8812
"E01018790","PL12 6",8812
"E01018786","PL12 6",8812
"E01018787","PL12 6",8812
"E01018764","PL12 6",8812
"E01018765","PL12 6",8812
"E01018776","PL13 1",4248
"E01018775","PL13 1",4248
"E01018774","PL13 1",4248
"E01018760","PL13 1",4248
"E01018759","PL13 1",4248
"E01018773","PL13 2",5242
"E01018776","PL13 2",5242
"E01018761","PL13 2",5242
"E01018762","PL13 2",5242
"E01018760","PL13 2",5242
"E01018766","PL13 2",5242
"E01018771","PL14 3",8393
"E01018767","PL14 3",8393
"E01018768","PL14 3",8393
"E01018769","PL14 3",8393
"E01018778","PL14 3",8393
"E01018779","PL14 3",8393
"E01018759","PL14 3",8393
"E01018785","PL14 3",8393
"E01018771","PL14 4",5558
"E01018770","PL14 4",5558
"E01018772","PL14 4",5558
"E01018758","PL14 4",5558
"E01018760","PL14 4",5558
"E01018766","PL14 4",5558
"E01018759","PL14 4",5558
"E01018769","PL14 5",5631
"E01018783","PL14 5",5631
"E01018777","PL14 5",5631
"E01018782","PL14 5",5631
"E01018779","PL14 5",5631
"E01018771","PL14 6",3511
"E01018784","PL14 6",3511
"E01018769","PL14 6",3511
"E01018767","PL14 6",3511
"E01018758","PL14 6",3511
"E01018772","PL14 6",3511
"E01018783","PL14 6",3511
"E01018782","PL14 6",3511
"E01018766","PL14 6",3511
"E01018950","PL15 7",6372
"E01018948","PL15 7",6372
"E01018965","PL15 7",6372
"E01018946","PL15 7",6372
"E01018952","PL15 7",6372
"E01018925","PL15 7",6372
"E01018947","PL15 7",6372
"E01018784","PL15 7",6372
"E01018950","PL15 8",7117
"E01018948","PL15 8",7117
"E01018949","PL15 8",7117
"E01018953","PL15 8",7117
"E01018952","PL15 8",7117
"E01018974","PL15 8",7117
"E01018965","PL15 8",7117
"E01018968","PL15 8",7117
"E01018925","PL15 8",7117
"E01018950","PL15 9",6528
"E01018947","PL15 9",6528
"E01018946","PL15 9",6528
"E01018965","PL15 9",6528
"E01018966","PL15 9",6528
"E01018952","PL15 9",6528
"E01018953","PL15 9",6528
"E01018974","PL15 9",6528
"E01020286","PL15 9",6528
"E01018751","PL17 7",5820
"E01018750","PL17 7",5820
"E01018752","PL17 7",5820
"E01018765","PL17 7",5820
"E01018779","PL17 7",5820
"E01018777","PL17 7",5820
"E01018765","PL17 8",4257
"E01018753","PL17 8",4257
"E01018751","PL17 8",4257
"E01018752","PL17 8",4257
"E01018756","PL17 8",4257
"E01018967","PL17 8",4257
"E01018966","PL17 8",4257
"E01018777","PL17 8",4257
"E01018755","PL18 9",4836
"E01018754","PL18 9",4836
"E01018753","PL18 9",4836
"E01018756","PL18 9",4836
"E01019035","PL22 0",3715
"E01019037","PL22 0",3715
"E01018766","PL22 0",3715
"E01019027","PL23 1",3538
"E01019025","PL23 1",3538
"E01018766","PL23 1",3538
"E01019026","PL24 2",10213
"E01019025","PL24 2",10213
"E01019057","PL24 2",10213
"E01019058","PL24 2",10213
"E01019059","PL24 2",10213
"E01019056","PL24 2",10213
"E01019024","PL24 2",10213
"E01019036","PL24 2",10213
"E01019045","PL25 3",11053
"E01019017","PL25 3",11053
"E01019015","PL25 3",11053
"E01019044","PL25 3",11053
"E01019014","PL25 3",11053
"E01019042","PL25 3",11053
"E01019013","PL25 3",11053
"E01019016","PL25 3",11053
"E01019043","PL25 3",11053
"E01019047","PL25 4",8920
"E01019033","PL25 4",8920
"E01019045","PL25 4",8920
"E01019046","PL25 4",8920
"E01019075","PL25 4",8920
"E01019043","PL25 4",8920
"E01019067","PL25 4",8920
"E01019015","PL25 4",8920
"E01019041","PL25 4",8920
"E01019042","PL25 4",8920
"E01019034","PL25 5",5719
"E01019033","PL25 5",5719
"E01019041","PL25 5",5719
"E01019043","PL25 5",5719
"E01019067","PL25 5",5719
"E01019032","PL25 5",5719
"E01019073","PL25 5",5719
"E01019045","PL25 5",5719
"E01019047","PL25 5",5719
"E01019017","PL26 6",5170
"E01019040","PL26 6",5170
"E01019067","PL26 6",5170
"E01019039","PL26 6",5170
"E01019066","PL26 6",5170
"E01019038","PL26 6",5170
"E01019067","PL26 7",9662
"E01019068","PL26 7",9662
"E01019070","PL26 7",9662
"E01019073","PL26 7",9662
"E01019071","PL26 7",9662
"E01019054","PL26 7",9662
"E01019066","PL26 7",9662
"E01019072","PL26 7",9662
"E01019069","PL26 7",9662
"E01019055","PL26 8",11988
"E01019054","PL26 8",11988
"E01019053","PL26 8",11988
"E01019052","PL26 8",11988
"E01019075","PL26 8",11988
"E01019074","PL26 8",11988
"E01019076","PL26 8",11988
"E01018945","PL26 8",11988
"E01019036","PL26 8",11988
"E01019034","PL26 8",11988
"E01018973","PL27 6",5394
"E01018970","PL27 6",5394
"E01018972","PL27 6",5394
"E01018924","PL27 6",5394
"E01018962","PL27 6",5394
"E01033289","PL27 6",5394
"E01018972","PL27 7",6901
"E01018973","PL27 7",6901
"E01018971","PL27 7",6901
"E01018956","PL27 7",6901
"E01018924","PL27 7",6901
"E01018954","PL27 7",6901
"E01018957","PL27 7",6901
"E01018958","PL28 8",4458
"E01018957","PL28 8",4458
"E01018956","PL28 8",4458
"E01018955","PL28 8",4458
"E01018954","PL28 8",4458
"E01018962","PL29 3",1034
"E01018924","PL30 3",3617
"E01018923","PL30 3",3617
"E01018962","PL30 3",3617
"E01018940","PL30 3",3617
"E01033291","PL30 3",3617
"E01018926","PL30 3",3617
"E01018944","PL30 4",2590
"E01018926","PL30 4",2590
"E01018934","PL30 4",2590
"E01018784","PL30 4",2590
"E01018940","PL30 4",2590
"E01018923","PL30 4",2590
"E01018935","PL30 5",4408
"E01018934","PL30 5",4408
"E01018944","PL30 5",4408
"E01019037","PL30 5",4408
"E01019036","PL30 5",4408
"E01018931","PL30 5",4408
"E01018945","PL30 5",4408
"E01019052","PL30 5",4408
"E01018924","PL30 5",4408
"E01018933","PL31 1",8245
"E01018935","PL31 1",8245
"E01018934","PL31 1",8245
"E01018930","PL31 1",8245
"E01018927","PL31 1",8245
"E01018928","PL31 1",8245
"E01018931","PL31 1",8245
"E01018929","PL31 1",8245
"E01018933","PL31 2",6573
"E01018934","PL31 2",6573
"E01018932","PL31 2",6573
"E01018927","PL31 2",6573
"E01018929","PL31 2",6573
"E01018928","PL31 2",6573
"E01018935","PL31 2",6573
"E01033292","PL32 9",4350
"E01033291","PL32 9",4350
"E01018968","PL32 9",4350
"E01018969","PL32 9",4350
"E01018941","PL33 9",1656
"E01018940","PL33 9",1656
"E01033291","PL33 9",1656
"E01018942","PL34 0",1792
"E01018941","PL34 0",1792
"E01018969","PL35 0",945
"E01018824","TR1  1",8721
"E01018853","TR1  1",8721
"E01018854","TR1  1",8721
"E01018823","TR1  1",8721
"E01018809","TR1  1",8721
"E01018846","TR1  1",8721
"E01018809","TR1  2",3255
"E01018807","TR1  2",3255
"E01018808","TR1  2",3255
"E01018810","TR1  2",3255
"E01018809","TR1  3",8672
"E01018855","TR1  3",8672
"E01018810","TR1  3",8672
"E01018858","TR1  3",8672
"E01018857","TR1  3",8672
"E01018856","TR1  3",8672
"E01018837","TR10 8",7132
"E01018836","TR10 8",7132
"E01018835","TR10 8",7132
"E01018834","TR10 8",7132
"E01018900","TR10 8",7132
"E01018901","TR10 9",4188
"E01018899","TR10 9",4188
"E01018900","TR10 9",4188
"E01018837","TR10 9",4188
"E01018880","TR10 9",4188
"E01018834","TR10 9",4188
"E01018921","TR10 9",4188
"E01018922","TR10 9",4188
"E01018839","TR11 2",8372
"E01018859","TR11 2",8372
"E01018840","TR11 2",8372
"E01018838","TR11 2",8372
"E01018860","TR11 2",8372
"E01018841","TR11 2",8372
"E01018806","TR11 2",8372
"E01018804","TR11 3",4734
"E01018839","TR11 3",4734
"E01018840","TR11 3",4734
"E01018806","TR11 3",4734
"E01018805","TR11 3",4734
"E01018803","TR11 3",4734
"E01018814","TR11 4",6821
"E01018812","TR11 4",6821
"E01018803","TR11 4",6821
"E01018805","TR11 4",6821
"E01018811","TR11 4",6821
"E01018900","TR11 4",6821
"E01018859","TR11 4",6821
"E01018806","TR11 4",6821
"E01018813","TR11 4",6821
"E01018880","TR11 5",9059
"E01018812","TR11 5",9059
"E01018813","TR11 5",9059
"E01018900","TR11 5",9059
"E01018811","TR11 5",9059
"E01018879","TR11 5",9059
"E01018827","TR11 5",9059
"E01018828","TR11 5",9059
"E01018899","TR11 5",9059
"E01018902","TR12 6",4151
"E01018903","TR12 6",4151
"E01018920","TR12 6",4151
"E01018880","TR12 6",4151
"E01018880","TR12 7",5486
"E01018881","TR12 7",5486
"E01018904","TR12 7",5486
"E01018903","TR12 7",5486
"E01018905","TR13 0",4304
"E01018863","TR13 0",4304
"E01018864","TR13 0",4304
"E01018883","TR13 0",4304
"E01018882","TR13 0",4304
"E01018922","TR13 0",4304
"E01018884","TR13 0",4304
"E01018880","TR13 0",4304
"E01018886","TR13 0",4304
"E01018887","TR13 0",4304
"E01018887","TR13 8",10146
"E01018888","TR13 8",10146
"E01018886","TR13 8",10146
"E01018885","TR13 8",10146
"E01018884","TR13 8",10146
"E01018883","TR13 8",10146
"E01018882","TR13 8",10146
"E01018907","TR13 9",5483
"E01018906","TR13 9",5483
"E01018905","TR13 9",5483
"E01018861","TR13 9",5483
"E01018864","TR13 9",5483
"E01018862","TR13 9",5483
"E01018874","TR14 0",4699
"E01018865","TR14 0",4699
"E01018876","TR14 0",4699
"E01018866","TR14 0",4699
"E01018980","TR14 0",4699
"E01018891","TR14 0",4699
"E01018863","TR14 0",4699
"E01018868","TR14 0",4699
"E01018890","TR14 0",4699
"E01018979","TR14 0",4699
"E01018864","TR14 0",4699
"E01018877","TR14 0",4699
"E01018871","TR14 7",8800
"E01018869","TR14 7",8800
"E01018877","TR14 7",8800
"E01018870","TR14 7",8800
"E01018875","TR14 7",8800
"E01018876","TR14 7",8800
"E01018878","TR14 7",8800
"E01018874","TR14 7",8800
"E01018873","TR14 7",8800
"E01018878","TR14 8",8881
"E01018868","TR14 8",8881
"E01018867","TR14 8",8881
"E01018865","TR14 8",8881
"E01018871","TR14 8",8881
"E01018866","TR14 8",8881
"E01018874","TR14 8",8881
"E01018877","TR14 8",8881
"E01018873","TR14 9",2389
"E01018869","TR14 9",2389
"E01018897","TR14 9",2389
"E01018872","TR14 9",2389
"E01018863","TR14 9",2389
"E01018911","TR15 1",6094
"E01018910","TR15 1",6094
"E01018914","TR15 1",6094
"E01018909","TR15 1",6094
"E01018912","TR15 1",6094
"E01018908","TR15 1",6094
"E01018913","TR15 2",6174
"E01018911","TR15 2",6174
"E01018917","TR15 2",6174
"E01018915","TR15 2",6174
"E01018912","TR15 2",6174
"E01018914","TR15 2",6174
"E01018914","TR15 3",7938
"E01018895","TR15 3",7938
"E01018897","TR15 3",7938
"E01018890","TR15 3",7938
"E01018896","TR15 3",7938
"E01018898","TR15 3",7938
"E01018889","TR15 3",7938
"E01018908","TR15 3",7938
"E01018908","TR16 4",5410
"E01018910","TR16 4",5410
"E01018896","TR16 4",5410
"E01018889","TR16 4",5410
"E01018893","TR16 4",5410
"E01018890","TR16 4",5410
"E01018892","TR16 4",5410
"E01018912","TR16 5",5143
"E01018918","TR16 5",5143
"E01018908","TR16 5",5143
"E01018919","TR16 5",5143
"E01018820","TR16 5",5143
"E01018825","TR16 5",5143
"E01018917","TR16 5",5143
"E01018829","TR16 5",5143
"E01018916","TR16 5",5143
"E01018892","TR16 5",5143
"E01018916","TR16 6",3685
"E01018894","TR16 6",3685
"E01018917","TR16 6",3685
"E01018829","TR16 6",3685
"E01018897","TR16 6",3685
"E01018922","TR16 6",3685
"E01018921","TR16 6",3685
"E01018914","TR16 6",3685
"E01018990","TR17 0",1455
"E01018988","TR17 0",1455
"E01019007","TR17 0",1455
"E01018995","TR18 2",5275
"E01018999","TR18 2",5275
"E01018998","TR18 2",5275
"E01018996","TR18 2",5275
"E01018997","TR18 2",5275
"E01018994","TR18 2",5275
"E01019001","TR18 2",5275
"E01018996","TR18 3",6406
"E01018998","TR18 3",6406
"E01018976","TR18 3",6406
"E01018977","TR18 3",6406
"E01018994","TR18 3",6406
"E01018997","TR18 3",6406
"E01018999","TR18 4",4745
"E01019001","TR18 4",4745
"E01018995","TR18 4",4745
"E01018994","TR18 4",4745
"E01018976","TR18 4",4745
"E01019000","TR18 4",4745
"E01019003","TR18 4",4745
"E01019004","TR18 5",3555
"E01019003","TR18 5",3555
"E01019002","TR18 5",3555
"E01019006","TR19 6",3318
"E01019005","TR19 6",3318
"E01018989","TR19 6",3318
"E01018992","TR19 6",3318
"E01019002","TR19 6",3318
"E01019005","TR19 7",5765
"E01018992","TR19 7",5765
"E01018991","TR19 7",5765
"E01018993","TR19 7",5765
"E01018846","TR2  4",5351
"E01018847","TR2  4",5351
"E01018845","TR2  4",5351
"E01019071","TR2  4",5351
"E01018848","TR2  4",5351
"E01018815","TR2  4",5351
"E01019063","TR2  4",5351
"E01019066","TR2  4",5351
"E01018849","TR2  5",4166
"E01018845","TR2  5",4166
"E01018850","TR2  5",4166
"E01019066","TR2  5",4166
"E01018846","TR2  5",4166
"E01018988","TR20 8",4735
"E01018987","TR20 8",4735
"E01018989","TR20 8",4735
"E01019006","TR20 8",4735
"E01018992","TR20 8",4735
"E01018976","TR20 8",4735
"E01018994","TR20 8",4735
"E01019003","TR20 8",4735
"E01019002","TR20 8",4735
"E01018991","TR20 8",4735
"E01018862","TR20 9",4609
"E01018975","TR20 9",4609
"E01019007","TR20 9",4609
"E01018987","TR20 9",4609
"E01018864","TR20 9",4609
"E01018990","TR20 9",4609
"E01018988","TR20 9",4609
"E01019012","TR26 1",3761
"E01019008","TR26 1",3761
"E01019009","TR26 1",3761
"E01019010","TR26 1",3761
"E01019011","TR26 1",3761
"E01019011","TR26 2",6259
"E01019012","TR26 2",6259
"E01019010","TR26 2",6259
"E01019009","TR26 2",6259
"E01018986","TR26 2",6259
"E01018985","TR26 2",6259
"E01019008","TR26 2",6259
"E01019010","TR26 3",1685
"E01019009","TR26 3",1685
"E01018987","TR26 3",1685
"E01018989","TR26 3",1685
"E01018985","TR26 3",1685
"E01019011","TR26 3",1685
"E01018984","TR27 4",7332
"E01018983","TR27 4",7332
"E01018981","TR27 4",7332
"E01018982","TR27 4",7332
"E01018978","TR27 4",7332
"E01018982","TR27 5",4311
"E01018981","TR27 5",4311
"E01018978","TR27 5",4311
"E01018980","TR27 5",4311
"E01018979","TR27 5",4311
"E01018984","TR27 5",4311
"E01018864","TR27 6",3204
"E01019007","TR27 6",3204
"E01018979","TR27 6",3204
"E01018985","TR27 6",3204
"E01018983","TR27 6",3204
"E01018987","TR27 6",3204
"E01018817","TR3  6",7943
"E01018818","TR3  6",7943
"E01018816","TR3  6",7943
"E01018822","TR3  6",7943
"E01018819","TR3  6",7943
"E01018855","TR3  6",7943
"E01018921","TR3  7",4525
"E01018901","TR3  7",4525
"E01018830","TR3  7",4525
"E01018827","TR3  7",4525
"E01018829","TR3  7",4525
"E01018825","TR4  8",6061
"E01018892","TR4  8",6061
"E01018826","TR4  8",6061
"E01018852","TR4  8",6061
"E01018820","TR4  8",6061
"E01018843","TR4  8",6061
"E01018817","TR4  8",6061
"E01018819","TR4  8",6061
"E01018829","TR4  8",6061
"E01018830","TR4  8",6061
"E01018846","TR4  9",5047
"E01018815","TR4  9",5047
"E01018819","TR4  9",5047
"E01018821","TR4  9",5047
"E01018843","TR4  9",5047
"E01018857","TR4  9",5047
"E01018855","TR4  9",5047
"E01018833","TR4  9",5047
"E01018851","TR5  0",3905
"E01018852","TR5  0",3905
"E01018843","TR5  0",3905
"E01018842","TR6  0",3535
"E01018833","TR6  0",3535
"E01018843","TR6  0",3535
"E01018844","TR6  0",3535
"E01018852","TR6  0",3535
"E01019029","TR7  1",6247
"E01019020","TR7  1",6247
"E01019028","TR7  1",6247
"E01019031","TR7  1",6247
"E01019030","TR7  1",6247
"E01019022","TR7  1",6247
"E01019022","TR7  2",8436
"E01019030","TR7  2",8436
"E01019029","TR7  2",8436
"E01019028","TR7  2",8436
"E01019021","TR7  2",8436
"E01019020","TR7  2",8436
"E01019019","TR7  2",8436
"E01019023","TR7  2",8436
"E01019018","TR7  2",8436
"E01019048","TR7  3",5618
"E01019019","TR7  3",5618
"E01019018","TR7  3",5618
"E01019049","TR7  3",5618
"E01019051","TR7  3",5618
"E01019048","TR8  4",3525
"E01019060","TR8  4",3525
"E01019050","TR8  4",3525
"E01019049","TR8  4",3525
"E01019064","TR8  4",3525
"E01019018","TR8  4",3525
"E01018831","TR8  4",3525
"E01019063","TR8  4",3525
"E01018815","TR8  4",3525
"E01019063","TR8  5",4492
"E01018815","TR8  5",4492
"E01018847","TR8  5",4492
"E01019064","TR8  5",4492
"E01018832","TR8  5",4492
"E01019031","TR8  5",4492
"E01018831","TR8  5",4492
"E01018833","TR8  5",4492
"E01019061","TR9  6",8270
"E01019062","TR9  6",8270
"E01019060","TR9  6",8270
"E01019052","TR9  6",8270
"E01019064","TR9  6",8270
"E01019063","TR9  6",8270
"E01019065","TR9  6",8270
"E01001874","W12  7",11387
