Postcode,Population
AL1  1,5513
AL1  2,6595
AL1  3,4225
AL1  4,9908
AL1  5,10340
AL10 0,10046
AL10 8,11121
AL10 9,15135
AL2  1,9613
AL2  2,6198
AL2  3,8055
AL3  4,5627
AL3  5,8929
AL3  6,4329
AL3  7,5403
AL3  8,4490
AL4  0,9412
AL4  8,6581
AL4  9,11579
AL5  1,6158
AL5  2,4728
AL5  3,4711
AL5  4,6522
AL5  5,8458
AL6  0,6506
AL6  9,4841
AL7  1,5825
AL7  2,7477
AL7  3,10227
AL7  4,10738
AL8  6,5934
AL8  7,7465
AL9  5,2107
AL9  6,1443
AL9  7,6973
B1   1,4145
B1   2,2929
B1   3,1003
B10  0,8298
B10  9,17900
B11  1,11818
B11  2,3517
B11  3,17435
B11  4,12433
B12  0,4175
B12  8,8846
B12  9,7966
B13  0,13608
B13  8,7764
B13  9,15857
B14  4,12852
B14  5,11048
B14  6,12279
B14  7,7719
B15  1,2610
B15  2,9783
B15  3,6030
B16  0,10134
B16  8,6829
B16  9,7072
B17  0,8933
B17  8,9220
B17  9,7694
B18  4,6750
B18  5,5188
B18  6,1910
B18  7,2613
B19  1,8916
B19  2,7621
B19  3,3753
B2   4,455
B2   5,165
B20  1,8388
B20  2,10939
B20  3,15143
B21  0,10124
B21  8,9683
B21  9,10858
B23  5,15359
B23  6,11237
B23  7,16753
B24  0,10685
B24  8,8118
B24  9,10389
B25  8,16184
B26  1,11017
B26  2,11584
B26  3,10592
B27  6,9711
B27  7,15400
B28  0,14730
B28  8,7820
B28  9,7821
B29  4,6190
B29  5,10317
B29  6,13750
B29  7,12236
B3   1,2467
B3   2,133
B30  1,10222
B30  2,11650
B30  3,7537
B31  1,11515
B31  2,12211
B31  3,11274
B31  4,10039
B31  5,9869
B32  1,9481
B32  2,12214
B32  3,12076
B32  4,5176
B33  0,10579
B33  8,12070
B33  9,12249
B34  6,11292
B34  7,8251
B35  6,4286
B35  7,5795
B36  0,12840
B36  8,12922
B36  9,9378
B37  5,10076
B37  6,11989
B37  7,14062
B38  0,2106
B38  8,9303
B38  9,10181
B4   6,342
B4   7,4391
B42  1,11096
B42  2,13543
B43  5,11069
B43  6,6613
B43  7,11075
B44  0,15600
B44  8,10132
B44  9,11774
B45  0,7223
B45  8,10723
B45  9,12576
B46  1,7303
B46  2,2171
B46  3,2732
B47  5,6670
B47  6,2789
B48  7,5860
B49  5,4392
B49  6,5909
B5   4,2157
B5   5,873
B5   6,224
B5   7,8860
B50  4,5410
B6   4,1102
B6   5,4436
B6   6,11584
B6   7,2760
B60  1,7778
B60  2,7969
B60  3,9130
B60  4,3384
B61  0,10140
B61  7,5245
B61  8,5867
B61  9,2478
B62  0,6377
B62  8,8132
B62  9,10164
B63  1,5986
B63  2,12244
B63  3,7921
B63  4,10686
B64  5,3781
B64  6,6955
B64  7,5975
B65  0,5965
B65  8,7853
B65  9,10217
B66  1,3690
B66  2,1604
B66  3,7349
B66  4,8926
B67  5,10034
B67  6,10658
B67  7,10035
B68  0,9343
B68  8,9794
B68  9,11792
B69  1,15105
B69  2,5223
B69  3,3589
B69  4,5362
B7   4,3626
B7   5,5014
B70  0,6992
B70  6,6947
B70  7,3073
B70  8,3958
B70  9,7332
B71  1,8640
B71  2,10253
B71  3,8741
B71  4,3700
B72  1,9676
B73  5,13452
B73  6,9604
B74  2,10016
B74  3,11448
B74  4,11368
B75  5,8169
B75  6,8993
B75  7,9822
B76  0,382
B76  1,11802
B76  2,6597
B76  9,3110
B77  1,10836
B77  2,14791
B77  3,8931
B77  4,14359
B77  5,9037
B78  1,10311
B78  2,4427
B78  3,9907
B79  0,3246
B79  7,6185
B79  8,10611
B79  9,2330
B8   1,10688
B8   2,15433
B8   3,16277
B80  7,7138
B9   4,4406
B9   5,20775
B90  1,10673
B90  2,12933
B90  3,10532
B90  4,11728
B91  1,10998
B91  2,11883
B91  3,10656
B92  0,4024
B92  7,12806
B92  8,12567
B92  9,8264
B93  0,3505
B93  8,7869
B93  9,8550
B94  5,3912
B94  6,3548
B95  5,3951
B95  6,1773
B96  6,5129
B97  4,5821
B97  5,16928
B97  6,11119
B98  0,14678
B98  7,20005
B98  8,9527
B98  9,6407
BA1  1,1895
BA1  2,6605
BA1  3,7648
BA1  4,5378
BA1  5,4574
BA1  6,8334
BA1  7,5575
BA1  8,914
BA1  9,250
BA10 0,3780
BA11 1,5048
BA11 2,11057
BA11 3,4998
BA11 4,6355
BA11 5,3462
BA11 6,1894
BA12 0,5722
BA12 6,4333
BA12 7,3102
BA12 8,9089
BA12 9,6578
BA13 2,1317
BA13 3,13020
BA13 4,6112
BA14 0,12604
BA14 6,6004
BA14 7,15351
BA14 8,5874
BA14 9,8842
BA15 1,9251
BA15 2,4034
BA16 0,10512
BA16 9,2673
BA2  0,4629
BA2  1,12995
BA2  2,10594
BA2  3,9480
BA2  4,6347
BA2  5,7300
BA2  6,6190
BA2  7,7253
BA2  8,7740
BA2  9,2044
BA20 1,2197
BA20 2,8789
BA21 3,15269
BA21 4,8999
BA21 5,9726
BA22 7,3923
BA22 8,9065
BA22 9,5379
BA3  2,9911
BA3  3,10527
BA3  4,7640
BA3  5,7019
BA4  4,5216
BA4  5,8391
BA4  6,4365
BA5  1,6133
BA5  2,7333
BA5  3,4262
BA6  8,6509
BA6  9,6505
BA7  7,3552
BA8  0,4199
BA9  8,1500
BA9  9,5822
BB1  1,12455
BB1  2,9281
BB1  3,2814
BB1  4,6699
BB1  5,7859
BB1  6,3496
BB1  7,4417
BB1  8,9923
BB1  9,10341
BB10 1,8911
BB10 2,10564
BB10 3,8077
BB10 4,10297
BB11 2,5261
BB11 3,4138
BB11 4,6133
BB11 5,6936
BB12 0,8179
BB12 6,8625
BB12 7,7249
BB12 8,7979
BB12 9,2966
BB18 5,7796
BB18 6,9575
BB2  1,5748
BB2  2,4496
BB2  3,10029
BB2  4,15352
BB2  5,7148
BB2  6,10548
BB2  7,7269
BB3  0,9407
BB3  1,6463
BB3  2,9507
BB3  3,9511
BB4  4,7556
BB4  5,6072
BB4  6,7881
BB4  7,5939
BB4  8,8772
BB4  9,5639
BB5  0,9810
BB5  1,5000
BB5  2,7772
BB5  3,7999
BB5  4,8944
BB5  5,11641
BB5  6,10615
BB6  7,10920
BB6  8,3901
BB7  1,7675
BB7  2,7257
BB7  3,3101
BB7  4,5136
BB7  9,8882
BB8  0,6130
BB8  7,4681
BB8  8,5148
BB8  9,7337
BB9  0,12325
BB9  5,6427
BB9  6,4841
BB9  7,6800
BB9  8,8206
BB9  9,6494
BD1  1,388
BD1  2,374
BD1  3,1591
BD1  4,759
BD1  5,764
BD10 0,8932
BD10 8,10745
BD10 9,6493
BD11 1,5590
BD11 2,5891
BD12 0,5366
BD12 7,1921
BD12 8,4962
BD12 9,4618
BD13 1,4011
BD13 2,7742
BD13 3,7011
BD13 4,3527
BD13 5,2964
BD14 6,8970
BD15 0,4294
BD15 7,8150
BD15 9,3040
BD16 1,9538
BD16 2,3460
BD16 3,5840
BD16 4,7252
BD17 5,8278
BD17 6,6256
BD17 7,3564
BD18 1,7272
BD18 2,6904
BD18 3,5508
BD18 4,7876
BD19 3,6055
BD19 4,9541
BD19 5,2674
BD19 6,3992
BD2  1,8239
BD2  2,4806
BD2  3,8015
BD2  4,7822
BD20 0,6205
BD20 5,7365
BD20 6,7481
BD20 7,4962
BD20 8,5570
BD20 9,4123
BD21 1,6108
BD21 2,7238
BD21 3,3975
BD21 4,7455
BD21 5,2658
BD22 0,4515
BD22 6,7769
BD22 7,9157
BD22 8,4317
BD22 9,4423
BD23 1,5966
BD23 2,8441
BD23 3,4146
BD23 4,3609
BD23 5,3523
BD23 6,3971
BD24 0,2025
BD24 9,3162
BD3  0,9884
BD3  7,7602
BD3  8,9189
BD3  9,7726
BD4  0,6772
BD4  6,7333
BD4  7,4819
BD4  8,6943
BD4  9,5695
BD5  0,7172
BD5  7,6382
BD5  8,7834
BD5  9,10605
BD6  1,9597
BD6  2,7700
BD6  3,13110
BD7  1,6208
BD7  2,11962
BD7  3,8746
BD7  4,8822
BD8  0,8021
BD8  7,6753
BD8  8,6733
BD8  9,10345
BD9  4,9658
BD9  5,11055
BD9  6,8922
BH1  1,2676
BH1  2,1108
BH1  3,6542
BH1  4,9192
BH10 4,4169
BH10 5,7115
BH10 6,5099
BH10 7,3901
BH11 8,9997
BH11 9,10135
BH12 1,6323
BH12 2,8043
BH12 3,8100
BH12 4,8806
BH12 5,4391
BH13 6,4620
BH13 7,3793
BH14 0,7078
BH14 8,9365
BH14 9,7250
BH15 1,6244
BH15 2,6141
BH15 3,11403
BH15 4,9632
BH16 5,11069
BH16 6,4942
BH17 7,9003
BH17 8,7609
BH17 9,6626
BH18 8,4704
BH18 9,6548
BH19 1,4122
BH19 2,5586
BH19 3,1936
BH2  5,4529
BH2  6,3908
BH20 4,5557
BH20 5,3984
BH20 6,6019
BH20 7,4615
BH21 1,10548
BH21 2,9108
BH21 3,10796
BH21 4,2244
BH21 5,2433
BH21 6,1508
BH21 7,3855
BH21 8,526
BH22 0,7645
BH22 8,10977
BH22 9,8467
BH23 1,5654
BH23 2,12190
BH23 3,8990
BH23 4,9795
BH23 5,6925
BH23 6,505
BH23 7,4535
BH23 8,4810
BH24 1,10590
BH24 2,6935
BH24 3,4933
BH24 4,1398
BH25 5,12490
BH25 6,6672
BH25 7,6842
BH3  7,5804
BH31 6,10282
BH31 7,3227
BH4  8,5382
BH4  9,4103
BH5  1,6454
BH5  2,4917
BH6  3,9144
BH6  4,3657
BH6  5,9645
BH7  6,8220
BH7  7,3730
BH8  0,7389
BH8  8,12772
BH8  9,8167
BH9  1,12835
BH9  2,8977
BH9  3,10160
BL0  0,5637
BL0  9,12314
BL1  1,417
BL1  2,4289
BL1  3,10029
BL1  4,9195
BL1  5,12287
BL1  6,8737
BL1  7,8467
BL1  8,11087
BL2  1,3966
BL2  2,8496
BL2  3,8621
BL2  4,4760
BL2  5,9416
BL2  6,10782
BL3  1,12453
BL3  2,9513
BL3  3,15033
BL3  4,14403
BL3  5,8063
BL3  6,5530
BL4  0,10292
BL4  7,6849
BL4  8,8217
BL4  9,8465
BL5  1,2693
BL5  2,12676
BL5  3,11972
BL6  4,6062
BL6  5,10183
BL6  6,6965
BL6  7,6544
BL7  0,3214
BL7  8,693
BL7  9,11216
BL8  1,12895
BL8  2,10460
BL8  3,8379
BL8  4,4461
BL9  0,2554
BL9  5,6763
BL9  6,8834
BL9  7,10075
BL9  8,9514
BL9  9,11020
BN1  1,2025
BN1  2,5001
BN1  3,10357
BN1  4,8907
BN1  5,10263
BN1  6,17359
BN1  7,8516
BN1  8,14651
BN1  9,8640
BN10 7,9228
BN10 8,9559
BN11 1,4679
BN11 2,9167
BN11 3,4246
BN11 4,9056
BN11 5,6500
BN12 4,7894
BN12 5,4463
BN12 6,7993
BN13 1,8227
BN13 2,10629
BN13 3,8986
BN14 0,5803
BN14 7,10899
BN14 8,6850
BN14 9,7527
BN15 0,8580
BN15 8,7888
BN15 9,11208
BN16 1,6700
BN16 2,6997
BN16 3,8150
BN16 4,6802
BN17 5,6566
BN17 6,13824
BN17 7,8217
BN18 0,8696
BN18 9,4922
BN2  0,7044
BN2  1,10235
BN2  3,12525
BN2  4,16364
BN2  5,12974
BN2  6,9902
BN2  7,4423
BN2  8,8657
BN2  9,11655
BN20 0,1638
BN20 7,5927
BN20 8,8424
BN20 9,5194
BN21 1,7020
BN21 2,9151
BN21 3,5567
BN21 4,4323
BN22 0,9585
BN22 7,4826
BN22 8,10471
BN22 9,7723
BN23 5,6343
BN23 6,6789
BN23 7,7326
BN23 8,8158
BN24 5,6325
BN24 6,3070
BN25 1,4718
BN25 2,7335
BN25 3,8936
BN25 4,2842
BN26 5,6366
BN26 6,5186
BN27 1,6288
BN27 2,5230
BN27 3,11115
BN27 4,4509
BN3  1,10557
BN3  2,6945
BN3  3,12766
BN3  4,7862
BN3  5,12072
BN3  6,11627
BN3  7,10483
BN3  8,8087
BN41 1,6630
BN41 2,14519
BN42 4,10103
BN43 5,11428
BN43 6,11315
BN44 3,10238
BN45 7,675
BN5  9,7185
BN6  8,8781
BN6  9,8813
BN7  1,8766
BN7  2,8426
BN7  3,4233
BN8  4,6035
BN8  5,6189
BN8  6,4266
BN9  0,3975
BN9  9,9652
BR1  1,479
BR1  2,11903
BR1  3,12831
BR1  4,14362
BR1  5,17386
BR2  0,11850
BR2  6,2358
BR2  7,9195
BR2  8,10847
BR2  9,11091
BR3  1,9087
BR3  3,13206
BR3  4,13018
BR3  5,6848
BR3  6,5693
BR4  0,9159
BR4  9,10039
BR5  1,11960
BR5  2,12982
BR5  3,10725
BR5  4,10555
BR6  0,9550
BR6  6,6721
BR6  7,7978
BR6  8,8317
BR6  9,14786
BR7  5,6684
BR7  6,10809
BR8  7,15051
BR8  8,7167
BS1  1,1222
BS1  2,548
BS1  3,2392
BS1  4,533
BS1  5,3191
BS1  6,4233
BS10 5,9606
BS10 6,10337
BS10 7,7970
BS11 0,9681
BS11 9,7866
BS13 0,7626
BS13 7,8408
BS13 8,7421
BS13 9,6459
BS14 0,8965
BS14 8,7851
BS14 9,11653
BS15 1,12069
BS15 3,8910
BS15 4,11228
BS15 8,7455
BS15 9,8192
BS16 1,12308
BS16 2,9176
BS16 3,6930
BS16 4,9283
BS16 5,10110
BS16 6,10716
BS16 7,7968
BS16 9,10263
BS2  0,2951
BS2  8,6019
BS2  9,6801
BS20 0,4882
BS20 6,8054
BS20 7,11489
BS20 8,5911
BS21 5,4915
BS21 6,9026
BS21 7,9602
BS22 6,8068
BS22 7,10455
BS22 8,10717
BS22 9,8620
BS23 1,4994
BS23 2,9297
BS23 3,12350
BS23 4,7732
BS24 0,2061
BS24 6,363
BS24 7,8398
BS24 8,2190
BS24 9,6037
BS25 1,4667
BS25 5,1634
BS26 2,5183
BS27 3,7159
BS28 4,3354
BS29 6,2951
BS3  1,8990
BS3  2,6133
BS3  3,6225
BS3  4,7724
BS3  5,8098
BS30 5,5096
BS30 6,3547
BS30 7,3706
BS30 8,10410
BS30 9,7938
BS31 1,7529
BS31 2,8575
BS31 3,4117
BS32 0,7455
BS32 4,4428
BS32 8,8447
BS32 9,4703
BS34 5,8212
BS34 6,6365
BS34 7,7135
BS34 8,8408
BS35 1,6682
BS35 2,6508
BS35 3,3092
BS35 4,4942
BS35 5,656
BS36 1,6312
BS36 2,9303
BS37 4,8192
BS37 5,7809
BS37 6,8115
BS37 7,7030
BS37 8,6524
BS37 9,815
BS39 4,2621
BS39 5,4613
BS39 6,3037
BS39 7,5360
BS4  1,13107
BS4  2,10059
BS4  3,8954
BS4  4,12520
BS4  5,3853
BS40 5,4546
BS40 6,2273
BS40 7,1587
BS40 8,3875
BS40 9,643
BS41 8,837
BS41 9,5312
BS48 1,5599
BS48 2,6924
BS48 3,5599
BS48 4,5546
BS49 4,8548
BS49 5,3535
BS5  0,8841
BS5  6,13328
BS5  7,11041
BS5  8,9694
BS5  9,10023
BS6  5,10848
BS6  6,13089
BS6  7,10121
BS7  0,15583
BS7  8,10371
BS7  9,15436
BS8  1,4923
BS8  2,7328
BS8  3,5251
BS8  4,8890
BS9  1,8475
BS9  2,6674
BS9  3,8635
BS9  4,7514
CA1  1,2242
CA1  2,11228
CA1  3,11060
CA10 1,5821
CA10 2,3322
CA10 3,4630
CA11 0,4464
CA11 7,3600
CA11 8,7995
CA11 9,6547
CA12 4,4810
CA12 5,3304
CA13 0,8693
CA13 9,6480
CA14 1,8528
CA14 2,5106
CA14 3,8594
CA14 4,6590
CA14 5,7378
CA15 6,4519
CA15 7,6847
CA15 8,5033
CA16 6,6243
CA17 4,4927
CA18 1,330
CA19 1,1080
CA2  4,10440
CA2  5,7662
CA2  6,9336
CA2  7,12437
CA20 1,3391
CA21 2,1027
CA22 2,8986
CA23 3,1439
CA24 3,1280
CA25 5,6251
CA26 3,3910
CA27 0,1662
CA28 6,9998
CA28 7,2828
CA28 8,8909
CA28 9,7174
CA3  0,6134
CA3  8,333
CA3  9,7702
CA4  0,3233
CA4  8,5693
CA4  9,858
CA5  6,3857
CA5  7,3335
CA6  4,4243
CA6  5,3372
CA6  6,1577
CA7  0,1728
CA7  1,1464
CA7  2,2720
CA7  3,2973
CA7  4,4132
CA7  5,1953
CA7  8,1913
CA7  9,5895
CA8  1,4797
CA8  2,1932
CA8  7,1447
CA8  9,2250
CA9  3,2110
CB1  1,3683
CB1  2,7687
CB1  3,18704
CB1  7,4444
CB1  8,5718
CB1  9,9548
CB10 1,4661
CB10 2,8986
CB11 3,9743
CB11 4,8506
CB2  0,1185
CB2  1,7643
CB2  3,2307
CB2  7,499
CB2  8,3917
CB2  9,3187
CB21 4,8599
CB21 5,5618
CB21 6,1581
CB22 3,7851
CB22 4,4359
CB22 5,7701
CB22 6,1244
CB22 7,3134
CB23 1,2684
CB23 2,1983
CB23 3,3490
CB23 4,1093
CB23 5,2363
CB23 6,5914
CB23 7,8604
CB23 8,5096
CB24 3,4230
CB24 4,3355
CB24 5,6953
CB24 6,4297
CB24 8,6615
CB24 9,7954
CB25 0,8308
CB25 9,10160
CB3  0,8835
CB3  9,7617
CB4  1,16065
CB4  2,14540
CB4  3,11762
CB5  8,11159
CB6  1,12561
CB6  2,12075
CB6  3,14169
CB7  4,8715
CB7  5,18199
CB8  0,9784
CB8  7,6560
CB8  8,9261
CB8  9,8006
CB9  0,8464
CB9  7,9879
CB9  8,6144
CB9  9,8750
CH1  1,910
CH1  2,959
CH1  3,3673
CH1  4,6807
CH1  5,13557
CH1  6,4992
CH2  1,9486
CH2  2,7791
CH2  3,9747
CH2  4,7679
CH3  5,12392
CH3  6,4886
CH3  7,6948
CH3  8,4035
CH3  9,4104
CH4  0,10347
CH4  7,7128
CH4  8,11602
CH4  9,3578
CH41 0,3677
CH41 1,530
CH41 2,2975
CH41 3,1300
CH41 4,3026
CH41 5,746
CH41 6,147
CH41 7,2265
CH41 8,2556
CH41 9,1645
CH42 0,2742
CH42 1,3378
CH42 2,2233
CH42 3,2669
CH42 4,3974
CH42 5,3107
CH42 6,4450
CH42 7,2332
CH42 8,2549
CH42 9,3962
CH43 0,5471
CH43 1,2780
CH43 2,4426
CH43 3,2624
CH43 4,2898
CH43 5,3613
CH43 6,1736
CH43 7,5806
CH43 8,1748
CH43 9,8243
CH44 0,3145
CH44 1,2794
CH44 2,2796
CH44 3,2496
CH44 4,4394
CH44 5,3103
CH44 6,2609
CH44 7,1827
CH44 8,3214
CH44 9,3862
CH45 0,1693
CH45 1,2817
CH45 2,2559
CH45 3,2577
CH45 4,3923
CH45 5,4900
CH45 6,2537
CH45 7,3505
CH45 8,4548
CH45 9,2134
CH46 0,3739
CH46 1,2785
CH46 2,2729
CH46 3,1855
CH46 5,527
CH46 6,5432
CH46 7,2694
CH46 8,3067
CH46 9,2931
CH47 0,634
CH47 1,671
CH47 2,2125
CH47 3,2330
CH47 4,943
CH47 5,796
CH47 6,926
CH47 7,1257
CH47 9,1341
CH48 0,1782
CH48 1,909
CH48 2,1381
CH48 3,1395
CH48 4,820
CH48 5,2724
CH48 6,2111
CH48 7,623
CH48 8,1315
CH48 9,2306
CH49 0,1765
CH49 1,2479
CH49 2,3704
CH49 3,3330
CH49 4,5155
CH49 5,1573
CH49 6,4130
CH49 7,2311
CH49 8,2729
CH49 9,1912
CH5  1,8672
CH5  2,7367
CH5  3,9999
CH5  4,16962
CH6  5,13335
CH6  6,3975
CH60 0,1294
CH60 1,1912
CH60 2,1526
CH60 3,1028
CH60 4,798
CH60 5,1948
CH60 6,1281
CH60 7,1227
CH60 8,980
CH60 9,1226
CH61 0,502
CH61 1,1232
CH61 2,625
CH61 3,1592
CH61 4,2899
CH61 5,2627
CH61 6,2432
CH61 7,1943
CH61 8,2178
CH61 9,1746
CH62 0,1106
CH62 1,3165
CH62 2,3573
CH62 3,1174
CH62 4,1910
CH62 5,2357
CH62 6,3962
CH62 7,3491
CH62 8,4916
CH62 9,3391
CH63 0,4680
CH63 1,309
CH63 2,5058
CH63 3,4430
CH63 4,330
CH63 5,4166
CH63 6,538
CH63 7,3980
CH63 8,3009
CH63 9,4431
CH64 0,2906
CH64 1,1444
CH64 2,1209
CH64 3,2019
CH64 4,2786
CH64 5,932
CH64 6,2960
CH64 7,294
CH64 8,153
CH64 9,4422
CH65 0,1188
CH65 2,2616
CH65 3,1150
CH65 4,886
CH65 5,3422
CH65 6,3230
CH65 7,3699
CH65 8,4740
CH65 9,5726
CH66 1,6122
CH66 2,12946
CH66 3,6144
CH66 4,8679
CH66 5,1014
CH66 6,389
CH66 7,188
CH7  1,10170
CH7  2,9655
CH7  3,6319
CH7  4,6129
CH7  5,6714
CH7  6,11637
CH8  7,9240
CH8  8,6268
CH8  9,5400
CM0  7,8425
CM0  8,7757
CM1  1,3622
CM1  2,16164
CM1  3,8622
CM1  4,13261
CM1  6,13493
CM1  7,8402
CM11 1,7317
CM11 2,11896
CM12 0,12472
CM12 9,7572
CM13 1,8477
CM13 2,10350
CM13 3,5940
CM14 4,10654
CM14 5,9312
CM15 0,8933
CM15 8,5823
CM15 9,8910
CM16 4,3728
CM16 5,3550
CM16 6,8124
CM16 7,6938
CM17 0,6935
CM17 9,14599
CM18 6,13003
CM18 7,11695
CM19 4,10962
CM19 5,8058
CM2  0,5357
CM2  6,15163
CM2  7,8517
CM2  8,15048
CM2  9,14817
CM20 1,6441
CM20 2,4057
CM20 3,11139
CM21 0,4356
CM21 9,6602
CM22 6,6916
CM22 7,6463
CM23 1,1568
CM23 2,7344
CM23 3,9441
CM23 4,13498
CM23 5,9215
CM24 8,6743
CM3  1,5676
CM3  2,5490
CM3  3,4967
CM3  4,9345
CM3  5,15061
CM3  6,9501
CM3  7,1575
CM3  8,3094
CM4  0,4625
CM4  9,5668
CM5  0,5462
CM5  9,5237
CM6  1,11821
CM6  2,6313
CM6  3,7330
CM7  1,9405
CM7  2,5590
CM7  3,11142
CM7  4,4277
CM7  5,9517
CM7  9,9355
CM77 6,2674
CM77 7,7534
CM77 8,5356
CM8  1,14146
CM8  2,12018
CM8  3,7009
CM9  4,8995
CM9  5,4312
CM9  6,11495
CM9  8,9096
CO1  1,4722
CO1  2,10433
CO10 0,13526
CO10 1,8412
CO10 2,4458
CO10 5,2287
CO10 7,6510
CO10 8,5416
CO10 9,6234
CO11 1,5705
CO11 2,7389
CO12 3,7052
CO12 4,11390
CO12 5,4021
CO13 0,8198
CO13 9,4046
CO14 8,6810
CO15 1,7313
CO15 2,6565
CO15 3,8719
CO15 4,8207
CO15 5,6816
CO15 6,5911
CO16 0,3070
CO16 7,4973
CO16 8,11041
CO16 9,5381
CO2  0,4530
CO2  7,9359
CO2  8,12815
CO2  9,8802
CO3  0,7767
CO3  3,8091
CO3  4,6736
CO3  8,836
CO3  9,4998
CO4  0,7310
CO4  3,18188
CO4  5,14165
CO4  9,8875
CO5  0,9985
CO5  7,4556
CO5  8,7532
CO5  9,6439
CO6  1,9801
CO6  2,6355
CO6  3,6253
CO6  4,5944
CO6  5,859
CO7  0,8166
CO7  6,6028
CO7  7,5547
CO7  8,5855
CO7  9,7722
CO8  5,2327
CO9  1,9503
CO9  2,6111
CO9  3,5678
CO9  4,4248
CR0  0,18490
CR0  1,9074
CR0  2,19605
CR0  3,18964
CR0  4,16970
CR0  5,10833
CR0  6,22144
CR0  7,16190
CR0  8,13078
CR0  9,10610
CR2  0,11122
CR2  6,10985
CR2  7,8327
CR2  8,11411
CR2  9,7162
CR3  0,4331
CR3  5,12843
CR3  6,9519
CR3  7,2165
CR4  1,17192
CR4  2,13553
CR4  3,18985
CR4  4,9730
CR5  1,10758
CR5  2,9264
CR5  3,9162
CR6  9,9953
CR7  6,9149
CR7  7,17884
CR7  8,18158
CR8  1,4909
CR8  2,8381
CR8  3,5060
CR8  4,6158
CR8  5,8399
CT1  1,14694
CT1  2,4344
CT1  3,12061
CT10 1,7134
CT10 2,10640
CT10 3,7407
CT11 0,7548
CT11 7,9271
CT11 8,5825
CT11 9,6887
CT12 4,3924
CT12 5,2772
CT12 6,11327
CT13 0,6023
CT13 9,2976
CT14 0,2992
CT14 6,5415
CT14 7,9275
CT14 8,2724
CT14 9,15040
CT15 4,3746
CT15 5,3325
CT15 6,2527
CT15 7,3786
CT16 1,3485
CT16 2,10710
CT16 3,5646
CT17 0,12439
CT17 9,9894
CT18 7,10944
CT18 8,3120
CT19 4,9301
CT19 5,10347
CT19 6,9540
CT2  0,5949
CT2  7,13661
CT2  8,7651
CT2  9,3800
CT20 1,7124
CT20 2,7629
CT20 3,7967
CT21 4,4425
CT21 5,6518
CT21 6,6394
CT3  1,5923
CT3  2,3401
CT3  3,4487
CT3  4,3663
CT4  5,4217
CT4  6,5183
CT4  7,5515
CT4  8,1900
CT5  1,7620
CT5  2,8337
CT5  3,6854
CT5  4,10626
CT6  5,7564
CT6  6,9928
CT6  7,12769
CT6  8,8732
CT7  0,4089
CT7  9,7496
CT8  8,7420
CT9  1,6834
CT9  2,10899
CT9  3,11201
CT9  4,3904
CT9  5,11099
CV1  1,441
CV1  2,6839
CV1  3,5057
CV1  4,8256
CV1  5,10935
CV10 0,12728
CV10 7,11202
CV10 8,12108
CV10 9,14403
CV11 4,12196
CV11 5,11238
CV11 6,16435
CV12 0,9201
CV12 8,10801
CV12 9,11957
CV13 0,6473
CV13 6,4360
CV2  1,12135
CV2  2,12664
CV2  3,13156
CV2  4,13836
CV2  5,12122
CV21 1,9953
CV21 2,8079
CV21 3,10341
CV21 4,7614
CV22 5,9473
CV22 6,10587
CV22 7,15667
CV23 0,9719
CV23 8,5675
CV23 9,6685
CV3  1,8979
CV3  2,16540
CV3  3,7962
CV3  4,4295
CV3  5,13630
CV3  6,12624
CV31 1,12307
CV31 2,12424
CV31 3,7150
CV32 4,3183
CV32 5,8322
CV32 6,7574
CV32 7,13982
CV33 9,6171
CV34 4,4885
CV34 5,14377
CV34 6,12434
CV35 0,5850
CV35 7,5368
CV35 8,5739
CV35 9,7924
CV36 4,6568
CV36 5,2820
CV37 0,6807
CV37 6,6753
CV37 7,8754
CV37 8,7047
CV37 9,12093
CV4  7,8977
CV4  8,8104
CV4  9,16661
CV47 0,2237
CV47 1,4402
CV47 2,5202
CV47 7,759
CV47 8,2518
CV47 9,2035
CV5  6,12048
CV5  7,12064
CV5  8,12484
CV5  9,9885
CV6  1,13971
CV6  2,12267
CV6  3,10955
CV6  4,13244
CV6  5,13620
CV6  6,10816
CV6  7,12617
CV7  7,10868
CV7  8,8637
CV7  9,8886
CV8  1,11144
CV8  2,13387
CV8  3,6847
CV9  1,5860
CV9  2,9088
CV9  3,6492
CW1  2,1524
CW1  3,17540
CW1  4,11785
CW1  5,10843
CW1  6,1159
CW10 0,7681
CW10 9,6839
CW11 1,7316
CW11 2,1909
CW11 3,7261
CW11 4,6379
CW12 1,3914
CW12 2,4988
CW12 3,10171
CW12 4,10476
CW2  5,8151
CW2  6,10767
CW2  7,9388
CW2  8,13274
CW3  0,2785
CW3  9,6394
CW4  7,5887
CW4  8,3594
CW5  5,7837
CW5  6,7494
CW5  7,9762
CW5  8,4514
CW6  0,7083
CW6  9,5212
CW7  1,9444
CW7  2,10937
CW7  3,9565
CW7  4,1859
CW8  1,8783
CW8  2,9189
CW8  3,7219
CW8  4,10494
CW9  5,3408
CW9  6,5723
CW9  7,10891
CW9  8,13493
DA1  1,9721
DA1  2,11895
DA1  3,12140
DA1  4,8463
DA1  5,11056
DA10 0,6821
DA11 0,9009
DA11 7,9109
DA11 8,11084
DA11 9,9281
DA12 1,6785
DA12 2,9003
DA12 3,2382
DA12 4,14599
DA12 5,15152
DA13 0,9107
DA13 9,5502
DA14 4,9883
DA14 5,4239
DA14 6,7296
DA15 7,5468
DA15 8,15067
DA15 9,9221
DA16 1,12714
DA16 2,14444
DA16 3,9155
DA17 5,10587
DA17 6,6708
DA18 4,4993
DA2  6,9755
DA2  7,11835
DA2  8,1661
DA3  7,7912
DA3  8,9023
DA4  0,3167
DA4  9,5995
DA5  1,7072
DA5  2,5320
DA5  3,8664
DA6  7,4290
DA6  8,5664
DA7  4,12403
DA7  5,12368
DA7  6,11166
DA8  1,13525
DA8  2,11043
DA8  3,10377
DA9  9,13235
DE1  1,5100
DE1  2,2448
DE1  3,6411
DE11 0,15467
DE11 7,9853
DE11 8,6088
DE11 9,12888
DE12 6,7650
DE12 7,9203
DE12 8,3837
DE13 0,19134
DE13 7,4174
DE13 8,8050
DE13 9,9691
DE14 1,2494
DE14 2,12641
DE14 3,14030
DE15 0,9784
DE15 9,14678
DE21 2,10551
DE21 4,13396
DE21 5,3663
DE21 6,17527
DE21 7,12515
DE22 1,6536
DE22 2,13774
DE22 3,17861
DE22 4,7950
DE22 5,943
DE23 1,8611
DE23 2,3076
DE23 3,6112
DE23 4,2716
DE23 6,19188
DE23 8,20867
DE24 0,15739
DE24 1,1020
DE24 3,6319
DE24 5,1301
DE24 8,16927
DE24 9,13825
DE3  0,8014
DE3  9,9183
DE4  2,9150
DE4  3,12224
DE4  4,6893
DE4  5,5269
DE45 1,8772
DE5  3,13427
DE5  8,3950
DE5  9,4901
DE55 1,6826
DE55 2,7241
DE55 3,3823
DE55 4,8654
DE55 5,8267
DE55 6,7394
DE55 7,9591
DE56 0,12547
DE56 1,13568
DE56 2,9274
DE56 4,5436
DE6  1,11239
DE6  2,5452
DE6  3,3556
DE6  4,1070
DE6  5,4558
DE65 5,12102
DE65 6,11616
DE7  4,12798
DE7  5,10092
DE7  6,10594
DE7  8,13838
DE7  9,3152
DE72 2,4166
DE72 3,16285
DE73 5,4869
DE73 6,6639
DE73 7,1819
DE73 8,5937
DE74 2,11619
DE75 7,18923
DH1  1,9441
DH1  2,8718
DH1  3,9809
DH1  4,7746
DH1  5,14707
DH2  1,10869
DH2  2,10353
DH2  3,9544
DH3  1,7413
DH3  2,5640
DH3  3,6751
DH3  4,6388
DH4  4,8332
DH4  5,6924
DH4  6,9044
DH4  7,9544
DH5  0,7246
DH5  8,5935
DH5  9,6570
DH6  1,6868
DH6  2,9325
DH6  3,5663
DH6  4,7105
DH6  5,4802
DH7  0,5708
DH7  6,8505
DH7  7,8024
DH7  8,10092
DH7  9,9507
DH8  0,6881
DH8  5,6371
DH8  6,7017
DH8  7,9134
DH8  8,6690
DH8  9,2887
DH9  0,4809
DH9  6,10370
DH9  7,8068
DH9  8,6942
DH9  9,6910
DL1  1,5069
DL1  2,12108
DL1  3,8698
DL1  4,14450
DL1  5,6564
DL10 4,5307
DL10 5,3452
DL10 6,2890
DL10 7,6979
DL11 6,2052
DL11 7,3314
DL12 0,2521
DL12 8,6878
DL12 9,3145
DL13 1,1497
DL13 2,3134
DL13 3,3153
DL13 4,3188
DL13 5,3340
DL14 0,6381
DL14 6,11709
DL14 7,4734
DL14 8,6879
DL14 9,7782
DL15 0,8827
DL15 8,5355
DL15 9,8564
DL16 6,11344
DL16 7,8693
DL17 0,5008
DL17 8,9042
DL17 9,3818
DL2  1,5933
DL2  2,7278
DL2  3,3957
DL3  0,15315
DL3  6,8720
DL3  7,4139
DL3  8,7828
DL3  9,9209
DL4  1,4996
DL4  2,5090
DL5  4,9621
DL5  5,6253
DL5  6,4041
DL5  7,9751
DL6  1,8968
DL6  2,4025
DL6  3,2694
DL7  0,3169
DL7  8,7812
DL7  9,5417
DL8  1,4612
DL8  2,4564
DL8  3,2960
DL8  4,3105
DL8  5,3615
DL9  3,7505
DL9  4,8530
DN1  1,309
DN1  2,6463
DN1  3,2058
DN10 4,5344
DN10 5,1649
DN10 6,5227
DN11 0,13688
DN11 8,8386
DN11 9,6593
DN12 1,7944
DN12 2,5994
DN12 3,5867
DN12 4,4582
DN14 0,7382
DN14 5,7938
DN14 6,13105
DN14 7,7252
DN14 8,4878
DN14 9,6203
DN15 0,1078
DN15 6,5162
DN15 7,8677
DN15 8,12323
DN15 9,9770
DN16 1,9145
DN16 2,8755
DN16 3,14120
DN17 1,12138
DN17 2,11639
DN17 3,7397
DN17 4,6428
DN18 5,8781
DN18 6,3067
DN19 7,6352
DN2  4,8274
DN2  5,8177
DN2  6,8373
DN20 0,6951
DN20 8,6888
DN20 9,5561
DN21 1,11844
DN21 2,6871
DN21 3,7428
DN21 4,5194
DN21 5,6298
DN22 0,4856
DN22 6,7530
DN22 7,15070
DN22 8,5890
DN22 9,3141
DN3  1,8419
DN3  2,11956
DN3  3,10028
DN31 1,1948
DN31 2,7564
DN31 3,212
DN32 0,6693
DN32 7,6737
DN32 8,8560
DN32 9,8604
DN33 1,7190
DN33 2,5182
DN33 3,7382
DN34 4,8501
DN34 5,10712
DN35 0,8702
DN35 7,11971
DN35 8,8276
DN35 9,5997
DN36 4,10969
DN36 5,8347
DN37 0,8064
DN37 7,3580
DN37 8,404
DN37 9,9938
DN38 6,3056
DN39 6,2877
DN4  0,10738
DN4  5,5467
DN4  6,11770
DN4  7,7852
DN4  8,7723
DN4  9,10460
DN40 1,5712
DN40 2,4036
DN40 3,2685
DN41 7,2972
DN41 8,3362
DN5  0,9937
DN5  7,8931
DN5  8,11602
DN5  9,10850
DN6  0,6353
DN6  7,10857
DN6  8,8785
DN6  9,5500
DN7  4,8447
DN7  5,7365
DN7  6,9072
DN8  4,9905
DN8  5,7583
DN9  1,8671
DN9  2,5095
DN9  3,6475
DT1  1,5996
DT1  2,10985
DT1  3,2290
DT10 1,6172
DT10 2,5801
DT11 0,7286
DT11 7,10440
DT11 8,7993
DT11 9,4772
DT2  0,3622
DT2  7,5802
DT2  8,7937
DT2  9,7742
DT3  4,5688
DT3  5,9077
DT3  6,8630
DT4  0,12790
DT4  7,7783
DT4  8,4647
DT4  9,12488
DT5  1,6653
DT5  2,6334
DT6  3,6372
DT6  4,5853
DT6  5,5994
DT6  6,3578
DT7  3,5759
DT8  3,6066
DT9  3,3608
DT9  4,5713
DT9  5,5004
DT9  6,6695
DY1  1,756
DY1  2,14504
DY1  3,11372
DY1  4,5857
DY10 1,7155
DY10 2,11234
DY10 3,10361
DY10 4,7462
DY11 5,10071
DY11 6,12573
DY11 7,7769
DY12 1,5014
DY12 2,6042
DY12 3,1383
DY13 0,6830
DY13 8,8930
DY13 9,6696
DY14 0,1794
DY14 8,3885
DY14 9,2943
DY2  0,11147
DY2  7,7733
DY2  8,7147
DY2  9,8817
DY3  1,9685
DY3  2,11366
DY3  3,11233
DY3  4,1823
DY4  0,14036
DY4  7,9935
DY4  8,11342
DY4  9,8011
DY5  1,6525
DY5  2,13812
DY5  3,13199
DY5  4,8831
DY6  0,4104
DY6  7,4170
DY6  8,10855
DY6  9,8666
DY7  5,2232
DY7  6,6160
DY8  1,5613
DY8  2,6105
DY8  3,12698
DY8  4,13500
DY8  5,13387
DY9  0,10988
DY9  7,5040
DY9  8,5995
DY9  9,8383
E1   0,11190
E1   1,6375
E1   2,7960
E1   3,7448
E1   4,15560
E1   5,11327
E1   6,4381
E1   7,2510
E1   8,4422
E10  5,15023
E10  6,16544
E10  7,12035
E11  1,11803
E11  2,11568
E11  3,16618
E11  4,15311
E12  5,16830
E12  6,26253
E13  0,19308
E13  8,13870
E13  9,14519
E14  0,10915
E14  2,1778
E14  3,17250
E14  4,472
E14  5,655
E14  6,12317
E14  7,12971
E14  8,12518
E14  9,14680
E15  1,14084
E15  2,11085
E15  3,14578
E15  4,12480
E16  1,12129
E16  2,9904
E16  3,14168
E16  4,9677
E17  3,12765
E17  4,16664
E17  5,17192
E17  6,17206
E17  7,11302
E17  8,15902
E17  9,13252
E18  1,8008
E18  2,12078
E1W  1,2534
E1W  2,4250
E1W  3,5782
E2   0,11379
E2   6,9528
E2   7,9208
E2   8,7623
E2   9,8584
E3   2,14126
E3   3,10800
E3   4,15339
E3   5,12691
E4   6,17150
E4   7,11828
E4   8,14579
E4   9,17475
E5   0,17469
E5   8,16260
E5   9,15305
E6   1,16918
E6   2,18305
E6   3,21242
E6   5,11190
E6   6,12017
E7   0,14966
E7   8,21311
E7   9,18463
E8   1,8461
E8   2,10173
E8   3,10560
E8   4,10503
E9   5,12844
E9   6,11690
E9   7,13656
EC1A 4,143
EC1A 7,397
EC1A 9,362
EC1M 3,432
EC1M 5,1117
EC1M 6,761
EC1M 7,189
EC1N 7,2033
EC1N 8,645
EC1R 0,1237
EC1R 1,1251
EC1R 3,300
EC1R 4,1437
EC1R 5,707
EC1V 0,2128
EC1V 1,225
EC1V 2,121
EC1V 3,3229
EC1V 4,1356
EC1V 7,2359
EC1V 8,1729
EC1V 9,1753
EC1Y 0,1228
EC1Y 2,206
EC1Y 4,327
EC1Y 8,2044
EC2A 3,487
EC2A 4,754
EC2Y 8,3285
EC3R 8,229
EC4A 1,151
EC4V 3,321
EC4V 5,278
EC4Y 7,322
EN1  1,12375
EN1  2,7173
EN1  3,12398
EN1  4,13554
EN10 6,11026
EN10 7,6200
EN11 0,6560
EN11 8,6707
EN11 9,8423
EN2  0,9654
EN2  6,4287
EN2  7,7320
EN2  8,7149
EN2  9,1627
EN3  4,11880
EN3  5,16150
EN3  6,19612
EN3  7,10069
EN4  0,5311
EN4  8,12413
EN4  9,8139
EN5  1,6859
EN5  2,13903
EN5  3,3543
EN5  4,5696
EN5  5,8494
EN6  1,6457
EN6  2,7001
EN6  3,5450
EN6  4,5239
EN6  5,5185
EN7  5,7530
EN7  6,14766
EN8  0,9686
EN8  7,7013
EN8  8,11299
EN8  9,8227
EN9  1,7840
EN9  2,4852
EN9  3,11204
EX1  1,1744
EX1  2,9297
EX1  3,10718
EX10 0,4690
EX10 8,3458
EX10 9,9251
EX11 1,7881
EX12 2,7175
EX12 3,1844
EX12 4,500
EX13 5,7075
EX13 7,3831
EX13 8,549
EX14 1,6024
EX14 2,5587
EX14 3,3841
EX14 4,2487
EX14 9,2976
EX15 1,8864
EX15 2,5947
EX15 3,6740
EX16 4,6247
EX16 5,4974
EX16 6,9799
EX16 7,4432
EX16 8,3952
EX16 9,3393
EX17 1,2209
EX17 2,2200
EX17 3,4410
EX17 4,3309
EX17 5,3356
EX17 6,4269
EX18 7,3151
EX19 8,3563
EX2  4,6258
EX2  5,8963
EX2  6,5516
EX2  7,5254
EX2  8,7896
EX2  9,7263
EX20 1,7986
EX20 2,4592
EX20 3,4507
EX20 4,3103
EX21 5,4671
EX22 6,6005
EX22 7,4859
EX23 0,3498
EX23 8,7483
EX23 9,4897
EX24 6,3831
EX3  0,4994
EX31 1,3599
EX31 2,6395
EX31 3,8261
EX31 4,7502
EX32 0,5395
EX32 7,7014
EX32 8,6336
EX32 9,5297
EX33 1,5422
EX33 2,4916
EX34 0,2717
EX34 7,1655
EX34 8,6529
EX34 9,6597
EX35 6,1665
EX36 3,3964
EX36 4,4607
EX37 9,3398
EX38 7,4538
EX38 8,3684
EX39 1,9493
EX39 2,3802
EX39 3,9109
EX39 4,6946
EX39 5,6293
EX39 6,1931
EX4  0,299
EX4  1,9308
EX4  2,7812
EX4  3,2172
EX4  4,9028
EX4  5,3022
EX4  6,8263
EX4  7,5318
EX4  8,6331
EX4  9,3764
EX5  1,3559
EX5  2,4831
EX5  3,2379
EX5  4,5111
EX5  5,2892
EX6  6,2823
EX6  7,4051
EX6  8,6949
EX7  0,5726
EX7  9,6843
EX8  1,7188
EX8  2,7750
EX8  3,5602
EX8  4,9638
EX8  5,7688
EX9  6,5243
EX9  7,1594
FY1  1,296
FY1  2,7958
FY1  3,4460
FY1  4,6600
FY1  5,6197
FY1  6,8495
FY2  0,14574
FY2  9,10259
FY3  0,1952
FY3  7,10620
FY3  8,9638
FY3  9,10100
FY4  1,8602
FY4  2,7892
FY4  3,10474
FY4  4,12092
FY4  5,5092
FY5  1,8035
FY5  2,12228
FY5  3,11278
FY5  4,8475
FY5  5,5299
FY6  0,7257
FY6  7,12857
FY6  8,5427
FY6  9,2774
FY7  6,6906
FY7  7,9067
FY7  8,10255
FY8  1,9436
FY8  2,8888
FY8  3,9926
FY8  4,10249
FY8  5,6045
GL1  1,1940
GL1  2,3836
GL1  3,5910
GL1  4,12097
GL1  5,10747
GL10 2,6934
GL10 3,7174
GL11 4,6255
GL11 5,8123
GL11 6,3962
GL12 7,6398
GL12 8,8814
GL13 9,5928
GL14 1,3846
GL14 2,8129
GL14 3,3921
GL15 4,5043
GL15 5,8874
GL15 6,7057
GL16 7,7195
GL16 8,6335
GL17 0,4587
GL17 9,6717
GL18 1,6065
GL18 2,1510
GL19 3,6718
GL19 4,3193
GL2  0,12165
GL2  2,5030
GL2  3,508
GL2  4,15866
GL2  5,3738
GL2  7,4812
GL2  8,3702
GL2  9,6571
GL20 5,7219
GL20 6,2865
GL20 7,7494
GL20 8,10968
GL3  1,6106
GL3  2,7501
GL3  3,8536
GL3  4,8688
GL4  0,12465
GL4  3,3284
GL4  4,10521
GL4  5,8977
GL4  6,10529
GL4  8,2565
GL5  1,8041
GL5  2,4584
GL5  3,4405
GL5  4,10634
GL5  5,3720
GL50 1,1017
GL50 2,8409
GL50 3,4293
GL50 4,9025
GL51 0,12118
GL51 3,10172
GL51 4,2439
GL51 6,8049
GL51 7,6573
GL51 8,6969
GL51 9,5772
GL52 2,4692
GL52 3,5629
GL52 5,8866
GL52 6,9530
GL52 7,1554
GL52 8,9615
GL52 9,3860
GL53 0,4175
GL53 7,6253
GL53 8,5403
GL53 9,4142
GL54 1,3014
GL54 2,5574
GL54 3,3727
GL54 4,2937
GL54 5,7137
GL55 6,5482
GL56 0,5216
GL56 9,3280
GL6  0,6436
GL6  6,4030
GL6  7,3817
GL6  8,6701
GL6  9,3746
GL7  1,14129
GL7  2,4976
GL7  3,4727
GL7  4,4407
GL7  5,7365
GL7  6,4887
GL7  7,2258
GL8  8,8636
GL9  1,2696
GU1  1,10766
GU1  2,8997
GU1  3,4698
GU1  4,5033
GU10 1,4631
GU10 2,2919
GU10 3,4486
GU10 4,6625
GU10 5,3822
GU11 1,6341
GU11 2,4677
GU11 3,12533
GU12 4,14698
GU12 5,7849
GU12 6,9283
GU14 0,8129
GU14 6,9523
GU14 7,6197
GU14 8,16423
GU14 9,15337
GU15 1,10046
GU15 2,9667
GU15 3,6803
GU15 4,8649
GU16 6,10388
GU16 7,2089
GU16 8,7738
GU16 9,3815
GU17 0,7275
GU17 9,3949
GU18 5,6867
GU19 5,5654
GU2  4,2812
GU2  7,10967
GU2  8,8397
GU2  9,12376
GU20 6,4440
GU21 2,11781
GU21 3,11224
GU21 4,9993
GU21 5,8671
GU21 6,2343
GU21 7,2086
GU21 8,4194
GU22 0,7057
GU22 7,8965
GU22 8,9763
GU22 9,7988
GU23 6,3884
GU23 7,3060
GU24 0,5018
GU24 8,4270
GU24 9,8754
GU25 4,5508
GU26 6,7558
GU27 1,6838
GU27 2,5095
GU27 3,5989
GU28 0,3814
GU28 9,2910
GU29 0,3241
GU29 9,5954
GU3  1,2468
GU3  2,2442
GU3  3,6282
GU30 7,9182
GU31 4,7728
GU31 5,3620
GU32 1,3348
GU32 2,3875
GU32 3,4878
GU33 6,1955
GU33 7,6579
GU34 1,6509
GU34 2,10320
GU34 3,2506
GU34 4,3955
GU34 5,6823
GU35 0,11334
GU35 8,5675
GU35 9,6316
GU4  7,10892
GU4  8,5178
GU46 6,11483
GU46 7,3511
GU47 0,10813
GU47 8,4437
GU47 9,3822
GU5  0,7049
GU5  9,4295
GU51 1,5241
GU51 2,2570
GU51 3,8633
GU51 4,4091
GU51 5,3330
GU52 0,2495
GU52 6,7658
GU52 7,3293
GU52 8,2681
GU6  7,8211
GU6  8,6151
GU7  1,7719
GU7  2,7142
GU7  3,8216
GU8  4,5769
GU8  5,8220
GU8  6,3855
GU9  0,7515
GU9  7,5212
GU9  8,9762
GU9  9,7524
HA0  1,10020
HA0  2,13447
HA0  3,11691
HA0  4,13740
HA1  1,7705
HA1  2,7420
HA1  3,10853
HA1  4,13669
HA2  0,10977
HA2  6,8377
HA2  7,7751
HA2  8,13534
HA2  9,15247
HA3  0,11210
HA3  5,10567
HA3  6,9013
HA3  7,12075
HA3  8,11942
HA3  9,15525
HA4  0,9695
HA4  6,11233
HA4  7,10324
HA4  8,8464
HA4  9,11019
HA5  1,9446
HA5  2,8809
HA5  3,10539
HA5  4,8864
HA5  5,7828
HA6  1,8677
HA6  2,7996
HA6  3,5556
HA7  1,8217
HA7  2,12253
HA7  3,8450
HA7  4,8692
HA8  0,11848
HA8  5,12499
HA8  6,11534
HA8  7,4698
HA8  8,14788
HA8  9,11754
HA9  0,2674
HA9  6,10842
HA9  7,9182
HA9  8,13291
HA9  9,12389
HD1  1,243
HD1  3,8399
HD1  4,8637
HD1  5,2867
HD1  6,3070
HD2  1,15646
HD2  2,14187
HD3  3,15300
HD3  4,14316
HD4  5,12211
HD4  6,11062
HD4  7,7339
HD5  0,5314
HD5  8,13954
HD5  9,12134
HD6  1,2673
HD6  2,7585
HD6  3,12201
HD6  4,5188
HD7  4,8386
HD7  5,9966
HD7  6,4576
HD8  0,11860
HD8  8,12174
HD8  9,10669
HD9  1,7328
HD9  2,4322
HD9  3,4044
HD9  4,4028
HD9  5,4600
HD9  6,6421
HD9  7,5036
HG1  1,1188
HG1  2,7698
HG1  3,7537
HG1  4,12312
HG1  5,5845
HG2  0,8065
HG2  7,11249
HG2  8,8763
HG2  9,5769
HG3  1,5309
HG3  2,11273
HG3  3,4437
HG3  4,2200
HG3  5,3473
HG4  1,8189
HG4  2,8699
HG4  3,4226
HG4  4,2445
HG4  5,2579
HG5  0,9094
HG5  8,5183
HG5  9,4344
HP1  1,7808
HP1  2,8718
HP1  3,8159
HP10 0,5319
HP10 8,5746
HP10 9,8111
HP11 1,7825
HP11 2,5830
HP12 3,12520
HP12 4,10556
HP13 5,14144
HP13 6,11398
HP13 7,17998
HP14 3,9544
HP14 4,8376
HP15 6,8262
HP15 7,9360
HP16 0,7043
HP16 9,4935
HP17 0,1160
HP17 8,8083
HP17 9,912
HP18 0,6287
HP18 9,7385
HP19 0,2369
HP19 7,7076
HP19 8,3560
HP19 9,11016
HP2  4,11158
HP2  5,12689
HP2  6,7919
HP2  7,7094
HP20 1,8132
HP20 2,6942
HP21 7,9742
HP21 8,13312
HP21 9,10674
HP22 4,5228
HP22 5,13581
HP22 6,6165
HP23 4,6118
HP23 5,8166
HP23 6,3368
HP27 0,6501
HP27 9,5846
HP3  0,8216
HP3  8,9959
HP3  9,14277
HP4  1,7060
HP4  2,7604
HP4  3,9577
HP5  1,6754
HP5  2,11561
HP5  3,7358
HP6  5,5914
HP6  6,8393
HP7  0,4262
HP7  9,6480
HP8  4,6895
HP9  1,9126
HP9  2,8217
HR1  1,14270
HR1  2,5307
HR1  3,6441
HR1  4,6221
HR2  0,4412
HR2  6,8502
HR2  7,15598
HR2  8,5054
HR2  9,5992
HR3  5,4814
HR3  6,3026
HR4  0,10985
HR4  7,5775
HR4  8,6097
HR4  9,7820
HR5  3,4722
HR6  0,4489
HR6  8,10793
HR6  9,5439
HR7  4,7235
HR8  1,4415
HR8  2,9756
HR9  5,7320
HR9  6,4611
HR9  7,9361
HU1  1,912
HU1  2,2212
HU1  3,206
HU10 6,11032
HU10 7,8237
HU11 4,8189
HU11 5,3801
HU12 0,5504
HU12 8,11205
HU12 9,9172
HU13 0,7547
HU13 9,7620
HU14 3,8370
HU15 1,13310
HU15 2,11106
HU16 4,6875
HU16 5,9775
HU17 0,10340
HU17 5,2703
HU17 7,8829
HU17 8,11620
HU17 9,10493
HU18 1,8872
HU19 2,7215
HU2  0,1086
HU2  8,1651
HU2  9,1324
HU20 3,1025
HU3  1,6602
HU3  2,5558
HU3  3,4477
HU3  5,2657
HU3  6,8342
HU4  6,12728
HU4  7,10739
HU5  1,5713
HU5  2,9379
HU5  3,10121
HU5  4,9045
HU5  5,17376
HU6  0,489
HU6  7,12114
HU6  8,9674
HU6  9,12076
HU7  0,1893
HU7  3,6837
HU7  4,23986
HU7  5,5115
HU7  6,4922
HU8  0,9510
HU8  7,2122
HU8  8,8777
HU8  9,14793
HU9  1,4571
HU9  2,5901
HU9  3,10514
HU9  4,13095
HU9  5,8799
HX1  1,488
HX1  2,4331
HX1  3,7536
HX1  4,7540
HX1  5,4503
HX2  0,8877
HX2  6,5081
HX2  7,6155
HX2  8,7110
HX2  9,9053
HX3  0,7676
HX3  5,8169
HX3  6,6474
HX3  7,9759
HX3  8,7295
HX3  9,7081
HX4  0,1717
HX4  8,6375
HX4  9,4218
HX5  0,5894
HX5  9,4480
HX6  1,4309
HX6  2,6247
HX6  3,3107
HX6  4,5232
HX7  5,4713
HX7  6,2281
HX7  7,2637
HX7  8,3818
IG1  1,14336
IG1  2,20502
IG1  3,17397
IG1  4,13038
IG10 1,6870
IG10 2,9313
IG10 3,10868
IG10 4,4826
IG11 0,9763
IG11 7,16139
IG11 8,8248
IG11 9,19806
IG2  6,14537
IG2  7,14755
IG3  8,17613
IG3  9,18859
IG4  5,9012
IG5  0,17205
IG6  1,8366
IG6  2,11932
IG6  3,6769
IG7  4,7447
IG7  5,8628
IG7  6,4549
IG8  0,8526
IG8  7,9477
IG8  8,8235
IG8  9,9399
IG9  5,7648
IG9  6,5380
IP1  1,555
IP1  2,5580
IP1  3,3434
IP1  4,8722
IP1  5,9317
IP1  6,12376
IP10 0,3092
IP11 0,5364
IP11 2,8914
IP11 7,6577
IP11 9,8765
IP12 1,6781
IP12 2,5580
IP12 3,4865
IP12 4,7442
IP13 0,4036
IP13 6,4731
IP13 7,3129
IP13 8,2288
IP13 9,4148
IP14 1,9306
IP14 2,6694
IP14 3,4595
IP14 4,5861
IP14 5,8757
IP14 6,4222
IP15 5,2492
IP16 4,6618
IP17 1,6478
IP17 2,2502
IP17 3,1921
IP18 6,4104
IP19 0,2390
IP19 8,5966
IP19 9,2039
IP2  0,9685
IP2  8,7540
IP2  9,14256
IP20 0,2539
IP20 9,5339
IP21 4,6455
IP21 5,4890
IP22 1,5434
IP22 2,5498
IP22 4,8370
IP22 5,2816
IP23 7,4380
IP23 8,2708
IP24 1,9989
IP24 2,10007
IP24 3,8139
IP25 6,11755
IP25 7,6661
IP26 4,5583
IP26 5,3461
IP27 0,11346
IP27 9,7878
IP28 6,5646
IP28 7,9203
IP28 8,9923
IP29 4,4463
IP29 5,4652
IP3  0,10608
IP3  8,12033
IP3  9,12318
IP30 0,4278
IP30 9,9446
IP31 1,6363
IP31 2,8074
IP31 3,7099
IP32 6,8891
IP32 7,8390
IP33 1,4487
IP33 2,9535
IP33 3,10453
IP4  1,3432
IP4  2,7938
IP4  3,5203
IP4  4,7905
IP4  5,12294
IP5  1,5610
IP5  2,10548
IP5  3,3709
IP6  0,5570
IP6  8,6281
IP6  9,4508
IP7  5,6512
IP7  6,4958
IP7  7,5335
IP8  3,6827
IP8  4,4214
IP9  1,4240
IP9  2,7235
KT1  1,1017
KT1  2,8289
KT1  3,11748
KT1  4,3110
KT10 0,9684
KT10 8,6382
KT10 9,5060
KT11 1,3145
KT11 2,9296
KT11 3,2705
KT12 1,4353
KT12 2,11903
KT12 3,8151
KT12 4,5676
KT12 5,7161
KT13 0,6654
KT13 8,7227
KT13 9,7648
KT14 6,5688
KT14 7,7810
KT15 1,9930
KT15 2,8349
KT15 3,9400
KT16 0,5735
KT16 8,6057
KT16 9,6875
KT17 1,5422
KT17 2,7912
KT17 3,4014
KT17 4,6213
KT18 5,8009
KT18 6,2135
KT18 7,7493
KT19 0,9109
KT19 7,1869
KT19 8,8040
KT19 9,15459
KT2  5,14506
KT2  6,8213
KT2  7,8070
KT20 5,10446
KT20 6,5789
KT20 7,4553
KT21 1,5923
KT21 2,7956
KT22 0,3965
KT22 7,6590
KT22 8,4776
KT22 9,9091
KT23 3,5146
KT23 4,5666
KT24 5,5291
KT24 6,4330
KT3  3,12830
KT3  4,4928
KT3  5,10195
KT3  6,10984
KT4  7,10672
KT4  8,18562
KT5  8,10900
KT5  9,9747
KT6  4,6304
KT6  5,8063
KT6  6,6800
KT6  7,10604
KT7  0,10481
KT8  0,2637
KT8  1,5547
KT8  2,7344
KT8  9,4334
KT9  1,9510
KT9  2,12098
L1   0,143
L1   1,337
L1   2,161
L1   3,215
L1   4,1137
L1   5,2359
L1   6,406
L1   7,888
L1   8,754
L1   9,744
L10  0,509
L10  1,1525
L10  2,1425
L10  3,1194
L10  4,3071
L10  6,1526
L10  7,2246
L10  8,2110
L10  9,1647
L11  0,1609
L11  1,2338
L11  2,4201
L11  3,4382
L11  4,2936
L11  5,1649
L11  6,1117
L11  7,3220
L11  8,2083
L11  9,1964
L12  0,9776
L12  1,1267
L12  2,1077
L12  3,974
L12  4,3053
L12  5,4446
L12  6,2256
L12  7,2084
L12  8,2488
L12  9,4724
L13  0,1402
L13  1,1605
L13  2,3266
L13  3,3150
L13  4,3092
L13  5,4163
L13  6,3442
L13  7,3997
L13  8,3284
L13  9,3500
L14  0,4375
L14  1,2203
L14  2,2250
L14  3,1937
L14  4,1717
L14  5,972
L14  6,2755
L14  7,3138
L14  8,2433
L14  9,3636
L15  0,3255
L15  1,2740
L15  2,2511
L15  3,4803
L15  4,4021
L15  5,1631
L15  6,2520
L15  7,3056
L15  8,3893
L15  9,1908
L16  0,852
L16  1,1099
L16  2,2555
L16  3,2509
L16  4,929
L16  5,1528
L16  6,1171
L16  7,2365
L16  8,1053
L16  9,1215
L17  0,4172
L17  1,1034
L17  2,1649
L17  3,2340
L17  4,1518
L17  5,1509
L17  6,2315
L17  7,4893
L17  8,2950
L17  9,2042
L18  0,1038
L18  1,6136
L18  2,1990
L18  3,3141
L18  4,2322
L18  5,2401
L18  6,1722
L18  7,2887
L18  8,3584
L18  9,3503
L19  0,2152
L19  1,2776
L19  2,3106
L19  3,2815
L19  4,2911
L19  5,1579
L19  6,1114
L19  7,1265
L19  8,3146
L19  9,3124
L2   0,202
L2   2,169
L2   5,199
L20  0,3347
L20  2,2452
L20  3,2573
L20  4,6458
L20  5,2935
L20  6,5325
L20  7,2041
L20  8,384
L20  9,6397
L21  0,3710
L21  1,3722
L21  2,1116
L21  3,551
L21  4,1761
L21  5,1967
L21  6,1016
L21  7,3623
L21  8,3383
L21  9,4983
L22  0,1353
L22  1,841
L22  2,1871
L22  3,1125
L22  4,2210
L22  5,1199
L22  6,1395
L22  7,1239
L22  8,1273
L22  9,1431
L23  0,4929
L23  1,2201
L23  2,3295
L23  3,2499
L23  4,1156
L23  5,2320
L23  6,3158
L23  7,3078
L23  8,2140
L23  9,5775
L24  0,2924
L24  1,1214
L24  2,3210
L24  3,3035
L24  4,912
L24  5,949
L24  6,1155
L24  7,1796
L24  9,940
L25  0,3276
L25  1,1809
L25  2,3748
L25  3,3230
L25  4,2766
L25  5,4358
L25  6,1734
L25  7,4548
L25  8,3769
L25  9,4577
L26  0,2265
L26  1,3220
L26  3,248
L26  6,1514
L26  7,4887
L26  9,3180
L27  0,343
L27  1,1141
L27  4,247
L27  5,1265
L27  6,1096
L27  7,1335
L27  8,1066
L28  0,1015
L28  1,1436
L28  3,246
L28  4,1455
L28  5,934
L28  6,462
L28  7,249
L28  8,542
L29  7,408
L3   0,597
L3   1,889
L3   2,2534
L3   3,394
L3   4,2835
L3   5,3399
L3   6,3619
L3   8,2577
L3   9,1178
L30  0,2196
L30  1,4122
L30  2,3323
L30  3,1932
L30  5,3104
L30  6,327
L30  7,2768
L30  8,1422
L30  9,891
L31  0,2449
L31  1,4551
L31  2,3146
L31  3,1438
L31  4,2427
L31  5,3773
L31  6,3284
L31  7,2983
L31  8,2983
L31  9,4103
L32  0,3274
L32  1,1473
L32  2,2225
L32  3,1327
L32  4,1954
L32  5,784
L32  6,2133
L32  7,2102
L32  8,2164
L32  9,3232
L33  0,1083
L33  1,4877
L33  2,1175
L33  4,4032
L33  5,1329
L33  6,1434
L33  7,270
L33  8,999
L33  9,1923
L34  0,2470
L34  1,2026
L34  2,3387
L34  3,693
L34  4,373
L34  5,1326
L34  6,1868
L35  0,2647
L35  1,1447
L35  2,2279
L35  3,7684
L35  4,2982
L35  5,5394
L35  6,1460
L35  7,2791
L35  8,3034
L35  9,1685
L36  0,4482
L36  1,2761
L36  2,5144
L36  3,4677
L36  4,6478
L36  5,4356
L36  6,2550
L36  7,3732
L36  8,4691
L36  9,1499
L37  1,2334
L37  2,5103
L37  3,4885
L37  4,2700
L37  5,215
L37  6,2947
L37  7,3634
L37  8,1984
L38  0,524
L38  1,297
L38  3,334
L38  6,223
L38  9,1223
L39  0,1192
L39  1,5011
L39  2,3382
L39  3,3170
L39  4,6774
L39  5,4719
L39  6,2191
L39  7,1185
L39  8,1364
L4   0,3018
L4   1,3303
L4   2,5781
L4   3,3692
L4   4,4056
L4   5,6265
L4   6,2853
L4   7,3488
L4   8,2682
L4   9,5571
L40  0,1232
L40  1,2071
L40  2,1057
L40  3,1220
L40  4,1666
L40  5,2649
L40  6,1062
L40  7,4972
L40  8,1017
L40  9,1277
L5   0,1887
L5   1,533
L5   2,819
L5   3,1685
L5   4,1309
L5   5,857
L5   6,2325
L5   7,1370
L5   8,799
L5   9,992
L6   0,2764
L6   1,2574
L6   2,2424
L6   3,2053
L6   4,3731
L6   5,2833
L6   6,3609
L6   7,639
L6   8,1945
L6   9,1411
L7   0,3340
L7   1,223
L7   2,1933
L7   3,2853
L7   4,444
L7   5,943
L7   6,1914
L7   7,2482
L7   8,3694
L7   9,372
L8   0,7413
L8   1,1200
L8   2,1782
L8   3,2712
L8   4,4065
L8   5,1859
L8   6,2412
L8   7,4517
L8   8,4403
L8   9,2572
L9   0,4161
L9   1,6469
L9   2,2855
L9   3,3602
L9   4,885
L9   6,3571
L9   7,1742
L9   8,4600
L9   9,5108
LA1  1,5717
LA1  2,11151
LA1  3,10246
LA1  4,15891
LA1  5,9624
LA10 5,4046
LA11 6,3757
LA11 7,6022
LA12 0,6122
LA12 7,4506
LA12 8,2440
LA12 9,7350
LA13 0,8872
LA13 9,10150
LA14 1,3378
LA14 2,7279
LA14 3,10770
LA14 4,6617
LA14 5,10896
LA15 8,7914
LA16 7,3500
LA17 7,1186
LA18 4,5794
LA18 5,3376
LA19 5,982
LA2  0,6078
LA2  6,5463
LA2  7,3060
LA2  8,3357
LA2  9,4591
LA20 6,1171
LA21 8,938
LA22 0,2194
LA22 9,2803
LA23 1,2815
LA23 2,4092
LA23 3,2328
LA3  1,8471
LA3  2,10311
LA3  3,5938
LA4  4,9276
LA4  5,9439
LA4  6,7971
LA5  0,3895
LA5  8,4173
LA5  9,8530
LA6  1,5162
LA6  2,4395
LA6  3,3087
LA7  7,5376
LA8  0,3024
LA8  8,2698
LA8  9,3383
LA9  4,4054
LA9  5,9450
LA9  6,7060
LA9  7,10173
LE1  1,1734
LE1  2,4322
LE1  3,672
LE1  4,662
LE1  5,2011
LE1  6,3010
LE1  7,1038
LE10 0,20582
LE10 1,10442
LE10 2,14731
LE10 3,2249
LE11 1,9945
LE11 2,13995
LE11 3,16625
LE11 4,9830
LE11 5,10647
LE12 5,7565
LE12 6,9295
LE12 7,16790
LE12 8,14113
LE12 9,15053
LE13 0,15368
LE13 1,12094
LE14 2,4564
LE14 3,6695
LE14 4,6254
LE15 6,11044
LE15 7,8225
LE15 8,6488
LE15 9,6928
LE16 7,12000
LE16 8,10446
LE16 9,12919
LE17 4,10715
LE17 5,6185
LE17 6,3978
LE18 1,7973
LE18 2,8724
LE18 3,8262
LE18 4,8268
LE19 2,5982
LE19 3,4793
LE19 4,4151
LE2  0,13867
LE2  1,13594
LE2  2,7772
LE2  3,11584
LE2  4,12530
LE2  5,8691
LE2  6,14981
LE2  7,10848
LE2  8,10954
LE2  9,15535
LE3  0,11555
LE3  1,15759
LE3  2,14735
LE3  3,13626
LE3  5,6399
LE3  6,13100
LE3  8,10283
LE3  9,16585
LE4  0,15430
LE4  1,4846
LE4  2,10518
LE4  3,5659
LE4  4,6693
LE4  5,9051
LE4  6,15485
LE4  7,12182
LE4  8,9776
LE4  9,8500
LE5  0,8115
LE5  1,16930
LE5  2,10714
LE5  3,10044
LE5  4,13936
LE5  5,17760
LE5  6,8891
LE6  0,12208
LE65 1,6266
LE65 2,7914
LE67 1,5531
LE67 2,7729
LE67 3,8767
LE67 4,10862
LE67 5,8580
LE67 6,6027
LE67 8,6020
LE67 9,6041
LE7  1,5758
LE7  2,7188
LE7  3,5367
LE7  4,4142
LE7  7,12639
LE7  9,10184
LE8  0,6487
LE8  4,6262
LE8  5,7021
LE8  6,6969
LE8  8,4948
LE8  9,3713
LE9  1,3544
LE9  2,4719
LE9  3,3433
LE9  4,6415
LE9  6,9040
LE9  7,12216
LE9  8,9475
LE9  9,7019
LN1  1,8621
LN1  2,11612
LN1  3,8445
LN10 5,869
LN10 6,5180
LN11 0,10006
LN11 7,5209
LN11 8,8234
LN11 9,5086
LN12 1,5118
LN12 2,8250
LN13 0,2663
LN13 9,5187
LN2  1,1880
LN2  2,10527
LN2  3,6661
LN2  4,13327
LN2  5,6672
LN3  4,5944
LN3  5,3049
LN4  1,10676
LN4  2,8502
LN4  3,8573
LN4  4,11338
LN5  0,5882
LN5  7,5735
LN5  8,8669
LN5  9,12260
LN6  0,13876
LN6  3,3975
LN6  4,272
LN6  5,3230
LN6  7,14134
LN6  8,10064
LN6  9,13449
LN7  6,6138
LN8  2,1839
LN8  3,9630
LN8  5,3124
LN8  6,2881
LN9  5,4675
LN9  6,5107
LS1  2,126
LS1  3,460
LS1  4,4659
LS1  5,207
LS1  6,368
LS10 1,4141
LS10 2,3834
LS10 3,12894
LS10 4,15061
LS11 0,3876
LS11 5,5221
LS11 6,6645
LS11 7,8954
LS11 8,7744
LS11 9,2740
LS12 1,5898
LS12 2,6109
LS12 3,8889
LS12 4,9431
LS12 5,9528
LS12 6,1548
LS13 1,7438
LS13 2,10669
LS13 3,7305
LS13 4,9999
LS14 1,8000
LS14 2,4551
LS14 3,3213
LS14 5,7454
LS14 6,11649
LS15 0,7782
LS15 4,5253
LS15 7,9573
LS15 8,8837
LS15 9,3936
LS16 5,8109
LS16 6,9652
LS16 7,11088
LS16 8,4160
LS16 9,3854
LS17 0,1403
LS17 5,7234
LS17 6,10128
LS17 7,9514
LS17 8,11031
LS17 9,4599
LS18 4,9430
LS18 5,9676
LS19 6,6308
LS19 7,13749
LS2  7,2643
LS2  8,2285
LS2  9,5302
LS20 8,7024
LS20 9,5780
LS21 1,5817
LS21 2,7159
LS21 3,4949
LS22 4,1978
LS22 5,3807
LS22 6,5927
LS22 7,4253
LS23 6,7473
LS23 7,1836
LS24 8,3322
LS24 9,8659
LS25 1,7655
LS25 2,7478
LS25 3,1519
LS25 4,1913
LS25 5,4745
LS25 6,6854
LS25 7,10195
LS26 0,14117
LS26 8,12047
LS26 9,4192
LS27 0,6625
LS27 7,10674
LS27 8,10016
LS27 9,8776
LS28 5,11554
LS28 6,3265
LS28 7,9710
LS28 8,7623
LS28 9,6167
LS29 0,5072
LS29 6,5246
LS29 7,7420
LS29 8,8161
LS29 9,5907
LS3  1,2908
LS4  2,9173
LS5  3,8602
LS6  1,15784
LS6  2,11065
LS6  3,12605
LS6  4,9362
LS7  1,3896
LS7  2,7757
LS7  3,8738
LS7  4,8189
LS8  1,9774
LS8  2,12124
LS8  3,12500
LS8  4,6337
LS8  5,8090
LS9  0,6089
LS9  6,12124
LS9  7,7434
LS9  8,5263
LS9  9,5900
LU1  1,14452
LU1  2,1355
LU1  3,10011
LU1  4,5596
LU1  5,12424
LU2  0,11758
LU2  7,21118
LU2  8,12856
LU2  9,11794
LU3  1,22751
LU3  2,13856
LU3  3,19146
LU3  4,5474
LU4  0,16787
LU4  8,16628
LU4  9,19237
LU5  4,13577
LU5  5,17557
LU5  6,7579
LU6  1,10849
LU6  2,8143
LU6  3,12186
LU7  0,9236
LU7  1,5422
LU7  2,11612
LU7  3,13346
LU7  4,7507
LU7  9,7447
M1   1,787
M1   2,3476
M1   3,1086
M1   4,217
M1   5,3228
M1   6,830
M1   7,2730
M11  1,5823
M11  2,3207
M11  3,3428
M11  4,8211
M12  4,7253
M12  5,8293
M12  6,810
M13  0,16646
M13  9,7583
M14  4,9537
M14  5,10616
M14  6,20221
M14  7,13036
M15  4,8363
M15  5,6399
M15  6,7796
M16  0,7993
M16  7,7713
M16  8,11500
M16  9,8913
M18  7,12784
M18  8,10742
M19  1,11991
M19  2,13194
M19  3,9787
M20  1,8019
M20  2,11507
M20  3,6324
M20  4,10470
M20  5,4645
M20  6,8171
M21  0,6432
M21  7,8400
M21  8,5990
M21  9,9089
M22  0,3205
M22  1,8091
M22  4,10369
M22  5,6563
M22  8,4896
M22  9,9717
M23  0,8856
M23  1,8431
M23  2,5975
M23  9,8032
M24  1,11277
M24  2,13255
M24  4,9279
M24  5,8415
M24  6,5041
M25  0,9078
M25  1,7810
M25  2,3884
M25  3,3304
M25  9,7749
M26  1,10539
M26  2,6180
M26  3,10127
M26  4,8355
M27  0,7061
M27  4,5327
M27  5,8575
M27  6,5709
M27  8,9628
M27  9,6235
M28  0,5760
M28  1,9903
M28  2,5968
M28  3,10988
M28  7,7245
M29  7,13605
M29  8,9546
M3   1,742
M3   2,143
M3   3,550
M3   4,2290
M3   5,1282
M3   6,3804
M3   7,3024
M30  0,10211
M30  7,8871
M30  8,9217
M30  9,8085
M31  4,8489
M32  0,10671
M32  8,6990
M32  9,11244
M33  2,13034
M33  3,12386
M33  4,14393
M33  5,9872
M33  6,6967
M33  7,4496
M34  2,10367
M34  3,9074
M34  5,11870
M34  6,7012
M34  7,8483
M35  0,11414
M35  9,9497
M38  0,2660
M38  9,10441
M4   1,1697
M4   4,3411
M4   5,1654
M4   6,1329
M4   7,2766
M40  0,4307
M40  1,5659
M40  2,5862
M40  3,7506
M40  5,4180
M40  7,5261
M40  8,3904
M40  9,4629
M41  0,5897
M41  5,6589
M41  6,7929
M41  7,5864
M41  8,6594
M41  9,9068
M43  6,9915
M43  7,13600
M44  5,7514
M44  6,12394
M45  6,5716
M45  7,9544
M45  8,7714
M46  0,10177
M46  9,12274
M5   3,5235
M5   4,5700
M5   5,4968
M50  1,952
M50  2,261
M50  3,2272
M6   5,8381
M6   6,5644
M6   7,9110
M6   8,9195
M60  7,470
M60  9,981
M7   1,3582
M7   2,5428
M7   3,5314
M7   4,13730
M8   0,10163
M8   4,7788
M8   5,6359
M8   8,3581
M8   9,3551
M9   0,4516
M9   4,8127
M9   5,3817
M9   6,9208
M9   7,6150
M9   8,8142
ME1  1,5703
ME1  2,14610
ME1  3,11227
ME10 1,13687
ME10 2,14734
ME10 3,7481
ME10 4,9448
ME10 5,2762
ME11 5,3445
ME12 1,6760
ME12 2,12863
ME12 3,11186
ME12 4,6487
ME13 0,3546
ME13 7,9420
ME13 8,10112
ME13 9,5191
ME14 1,3283
ME14 2,10825
ME14 3,1974
ME14 4,6347
ME14 5,9638
ME15 0,4083
ME15 6,10654
ME15 7,11010
ME15 8,11179
ME15 9,11265
ME16 0,13408
ME16 8,11603
ME16 9,5369
ME17 1,4794
ME17 2,4013
ME17 3,5792
ME17 4,8038
ME18 5,4746
ME18 6,2131
ME19 4,7856
ME19 5,6430
ME19 6,7753
ME2  1,5508
ME2  2,14568
ME2  3,12876
ME2  4,7017
ME20 6,13517
ME20 7,7359
ME3  0,1666
ME3  7,6379
ME3  8,8574
ME3  9,9856
ME4  3,2878
ME4  4,3934
ME4  5,14017
ME4  6,9697
ME5  0,12000
ME5  7,12737
ME5  8,15424
ME5  9,11822
ME6  5,10325
ME7  1,11679
ME7  2,12839
ME7  3,8677
ME7  4,9790
ME7  5,9369
ME8  0,9423
ME8  6,10143
ME8  7,7536
ME8  8,9852
ME8  9,12809
ME9  0,2744
ME9  7,6902
ME9  8,6216
ME9  9,4919
MK1  1,591
MK10 7,2541
MK10 9,11438
MK11 1,5959
MK11 2,1863
MK12 5,7865
MK12 6,4765
MK13 0,4525
MK13 7,7981
MK13 8,3504
MK13 9,3059
MK14 5,6872
MK14 6,6114
MK14 7,5922
MK15 0,1177
MK15 8,1890
MK15 9,4216
MK16 0,5567
MK16 8,8178
MK16 9,4960
MK17 0,6203
MK17 8,6759
MK17 9,4457
MK18 1,9435
MK18 2,6059
MK18 3,5988
MK18 4,3614
MK18 5,2308
MK18 7,3598
MK19 6,6561
MK19 7,4821
MK2  2,6615
MK2  3,7859
MK3  5,6564
MK3  6,5674
MK3  7,10639
MK4  1,5783
MK4  2,5329
MK4  3,3534
MK4  4,7463
MK40 1,3681
MK40 2,7359
MK40 3,8444
MK40 4,11870
MK41 0,9641
MK41 6,4610
MK41 7,12289
MK41 8,8020
MK41 9,8450
MK42 0,12351
MK42 6,986
MK42 7,8554
MK42 8,10541
MK42 9,12622
MK43 0,12358
MK43 7,7439
MK43 8,7260
MK43 9,6293
MK44 1,5288
MK44 2,3511
MK44 3,6688
MK45 1,12806
MK45 2,10422
MK45 3,5909
MK45 4,9218
MK45 5,5173
MK46 4,3115
MK46 5,6112
MK5  6,5313
MK5  7,6982
MK5  8,3313
MK6  2,11002
MK6  3,5629
MK6  4,6223
MK6  5,5572
MK7  6,2664
MK7  7,7016
MK7  8,5039
MK8  0,4813
MK8  8,4261
MK8  9,3120
MK9  2,1430
MK9  3,1564
MK9  4,406
N1   0,10756
N1   1,8925
N1   2,11650
N1   3,8131
N1   4,8865
N1   5,9409
N1   6,8559
N1   7,11348
N1   8,7795
N1   9,6634
N10  1,8753
N10  2,9954
N10  3,9597
N11  1,9818
N11  2,10843
N11  3,9552
N12  0,8501
N12  7,5781
N12  8,7857
N12  9,7081
N13  4,12914
N13  5,13124
N13  6,6100
N14  4,10945
N14  5,6286
N14  6,7087
N14  7,5972
N15  3,10724
N15  4,10429
N15  5,9938
N15  6,13115
N16  0,8771
N16  5,16100
N16  6,15433
N16  7,11267
N16  8,11594
N16  9,6167
N17  0,11106
N17  6,20935
N17  7,10365
N17  8,8095
N17  9,13746
N18  1,15902
N18  2,16195
N19  3,12869
N19  4,10708
N19  5,10551
N2   0,10301
N2   8,6190
N2   9,7744
N20  0,10952
N20  8,4263
N20  9,4020
N21  1,8807
N21  2,7054
N21  3,7901
N22  5,14054
N22  6,12698
N22  7,7244
N22  8,9334
N3   1,9398
N3   2,9407
N3   3,8025
N4   1,12813
N4   2,16126
N4   3,11678
N4   4,7203
N5   1,12138
N5   2,12420
N6   4,5217
N6   5,11100
N6   6,3372
N7   0,13276
N7   6,6864
N7   7,7234
N7   8,11682
N7   9,9639
N8   0,11378
N8   7,9983
N8   8,8700
N8   9,10423
N9   0,12341
N9   7,10242
N9   8,12798
N9   9,17396
NE1  2,3111
NE1  3,627
NE1  4,1988
NE1  5,1063
NE1  6,1355
NE1  8,1003
NE10 0,8991
NE10 8,18036
NE10 9,9599
NE11 0,4231
NE11 9,12411
NE12 5,1934
NE12 6,8782
NE12 7,5061
NE12 8,10103
NE12 9,9607
NE13 6,5609
NE13 7,5352
NE13 8,1080
NE13 9,951
NE15 0,2373
NE15 6,6027
NE15 7,9432
NE15 8,8927
NE15 9,6295
NE16 3,3371
NE16 4,6496
NE16 5,11035
NE16 6,5058
NE17 7,4721
NE18 0,937
NE19 1,1252
NE19 2,1043
NE2  1,9988
NE2  2,7403
NE2  3,7278
NE2  4,5188
NE20 0,1442
NE20 9,10563
NE21 4,5682
NE21 5,5410
NE21 6,6376
NE22 5,9037
NE22 6,5719
NE22 7,3326
NE23 1,3787
NE23 2,5890
NE23 3,5774
NE23 6,10865
NE23 7,10698
NE23 8,2655
NE24 1,3605
NE24 2,6322
NE24 3,11188
NE24 4,7786
NE24 5,9601
NE25 0,9454
NE25 8,9271
NE25 9,11415
NE26 1,5322
NE26 2,4573
NE26 3,5333
NE26 4,4311
NE27 0,12158
NE28 0,8798
NE28 6,5259
NE28 7,8096
NE28 8,9743
NE28 9,13353
NE29 0,6655
NE29 6,7798
NE29 7,8454
NE29 8,8910
NE29 9,4192
NE3  1,9185
NE3  2,13997
NE3  3,11707
NE3  4,10668
NE3  5,8085
NE30 1,1331
NE30 2,7847
NE30 3,8395
NE30 4,5006
NE31 1,10374
NE31 2,9980
NE32 3,5386
NE32 4,10535
NE32 5,9751
NE33 1,1330
NE33 2,6298
NE33 3,7954
NE33 4,7406
NE33 5,4382
NE34 0,10772
NE34 6,9367
NE34 7,11797
NE34 8,10239
NE34 9,10889
NE35 9,6500
NE36 0,6930
NE37 1,9868
NE37 2,7282
NE37 3,4140
NE38 0,9247
NE38 7,9100
NE38 8,7907
NE38 9,5192
NE39 1,4012
NE39 2,4657
NE4  5,8051
NE4  6,7327
NE4  7,2478
NE4  8,7839
NE4  9,12156
NE40 3,7714
NE40 4,8095
NE41 8,2221
NE42 5,7052
NE42 6,5695
NE43 7,4573
NE44 6,976
NE45 5,3712
NE46 1,4244
NE46 2,4509
NE46 3,3548
NE46 4,3407
NE47 0,1082
NE47 5,916
NE47 6,2208
NE47 7,1226
NE47 8,526
NE47 9,2043
NE48 1,772
NE48 2,1872
NE48 3,1117
NE48 4,579
NE49 0,1097
NE49 9,3295
NE5  1,8809
NE5  2,14406
NE5  3,10302
NE5  4,8939
NE5  5,7194
NE6  1,3250
NE6  2,11687
NE6  3,8441
NE6  4,12074
NE6  5,16146
NE61 1,4180
NE61 2,9028
NE61 3,3895
NE61 4,1274
NE61 5,8170
NE61 6,5070
NE62 5,9744
NE63 0,8237
NE63 8,8584
NE63 9,11276
NE64 6,6378
NE65 0,7966
NE65 7,3931
NE65 8,2165
NE65 9,6932
NE66 1,6841
NE66 2,4290
NE66 3,4772
NE66 4,1538
NE66 5,340
NE67 5,842
NE68 7,1980
NE69 7,418
NE7  7,15641
NE70 7,1772
NE71 6,2981
NE8  1,5921
NE8  2,7244
NE8  3,8377
NE8  4,12261
NE9  5,10377
NE9  6,15895
NE9  7,11655
NG1  1,3828
NG1  3,2631
NG1  4,3984
NG1  5,1815
NG1  6,283
NG1  7,496
NG10 1,8026
NG10 2,4664
NG10 3,14541
NG10 4,10950
NG10 5,8988
NG11 0,2457
NG11 6,8325
NG11 7,4476
NG11 8,13489
NG11 9,9168
NG12 1,2555
NG12 2,6609
NG12 3,10983
NG12 4,4911
NG12 5,8476
NG13 0,4558
NG13 8,11843
NG13 9,5221
NG14 5,3966
NG14 6,9643
NG14 7,6046
NG15 0,2098
NG15 6,14928
NG15 7,12973
NG15 8,5329
NG15 9,5823
NG16 1,9453
NG16 2,16657
NG16 3,10933
NG16 4,5465
NG16 5,10159
NG16 6,11593
NG17 1,6511
NG17 2,14748
NG17 3,8999
NG17 4,9877
NG17 5,6547
NG17 7,9306
NG17 8,11362
NG17 9,6247
NG18 1,1454
NG18 2,8040
NG18 3,11774
NG18 4,12798
NG18 5,7923
NG19 0,11454
NG19 6,11905
NG19 7,9265
NG19 8,10296
NG19 9,9940
NG2  1,2279
NG2  2,6208
NG2  3,1809
NG2  4,10433
NG2  5,9261
NG2  6,12567
NG2  7,16705
NG20 0,9367
NG20 8,10087
NG20 9,7028
NG21 0,12286
NG21 9,10143
NG22 0,6880
NG22 8,7734
NG22 9,11972
NG23 5,7244
NG23 6,5404
NG23 7,4788
NG24 1,6847
NG24 2,10498
NG24 3,13779
NG24 4,14182
NG25 0,9013
NG3  1,4773
NG3  2,4788
NG3  3,7136
NG3  4,4169
NG3  5,9436
NG3  6,11032
NG3  7,7390
NG31 6,3548
NG31 7,13867
NG31 8,14010
NG31 9,13410
NG32 1,4261
NG32 2,3543
NG32 3,4760
NG33 4,4842
NG33 5,5126
NG34 0,5992
NG34 7,13039
NG34 8,11324
NG34 9,11307
NG4  1,13012
NG4  2,8767
NG4  3,10608
NG4  4,8903
NG5  1,9365
NG5  2,5985
NG5  3,5674
NG5  4,9611
NG5  5,16944
NG5  6,12248
NG5  7,7353
NG5  8,11921
NG5  9,9431
NG6  0,8988
NG6  7,4650
NG6  8,15726
NG6  9,8538
NG7  1,11912
NG7  2,13657
NG7  3,7001
NG7  4,5061
NG7  5,7934
NG7  6,8946
NG7  7,4149
NG8  1,9855
NG8  2,11218
NG8  3,9914
NG8  4,8243
NG8  5,13403
NG8  6,12043
NG9  1,10164
NG9  2,13562
NG9  3,11280
NG9  4,5849
NG9  5,8277
NG9  6,9485
NG9  7,6069
NG9  8,9341
NN1  1,1719
NN1  2,3174
NN1  3,6297
NN1  4,10658
NN1  5,8317
NN10 0,13601
NN10 6,5694
NN10 8,8173
NN10 9,11189
NN11 0,5433
NN11 2,1327
NN11 3,6360
NN11 4,11710
NN11 6,3088
NN11 7,1777
NN11 8,1504
NN11 9,6657
NN12 6,7687
NN12 7,6257
NN12 8,9338
NN13 5,5590
NN13 6,10364
NN13 7,2982
NN14 1,10121
NN14 2,10817
NN14 3,4397
NN14 4,10638
NN14 6,7780
NN15 5,14901
NN15 6,13430
NN15 7,6013
NN16 0,7650
NN16 8,8009
NN16 9,14820
NN17 1,9774
NN17 2,12433
NN17 3,4209
NN17 4,591
NN18 0,8901
NN18 8,14884
NN18 9,9493
NN2  6,9518
NN2  7,14749
NN2  8,14298
NN29 7,11649
NN3  2,11783
NN3  3,9235
NN3  5,9340
NN3  6,6993
NN3  7,5997
NN3  8,16237
NN3  9,9767
NN4  0,10826
NN4  5,4452
NN4  6,10793
NN4  7,648
NN4  8,14677
NN4  9,5837
NN5  4,4298
NN5  5,7164
NN5  6,16176
NN5  7,10835
NN6  0,7947
NN6  6,3077
NN6  7,7924
NN6  8,5388
NN6  9,9359
NN7  1,4696
NN7  2,6752
NN7  3,7979
NN7  4,8176
NN8  1,7160
NN8  2,11451
NN8  3,12578
NN8  4,10672
NN8  5,7732
NN9  5,15054
NN9  6,11517
NR1  1,4841
NR1  2,8113
NR1  3,4353
NR1  4,7761
NR10 3,10712
NR10 4,5635
NR10 5,6719
NR11 6,7858
NR11 7,3008
NR11 8,7010
NR12 0,4553
NR12 7,3465
NR12 8,6789
NR12 9,5854
NR13 3,6878
NR13 4,7002
NR13 5,7642
NR13 6,5464
NR14 6,7386
NR14 7,8364
NR14 8,8261
NR15 1,6926
NR15 2,9056
NR16 1,5594
NR16 2,6493
NR17 1,7140
NR17 2,8807
NR18 0,12359
NR18 9,5392
NR19 1,11177
NR19 2,9410
NR2  1,1126
NR2  2,6837
NR2  3,12166
NR2  4,6110
NR20 3,7521
NR20 4,7018
NR20 5,5005
NR21 0,3286
NR21 7,3331
NR21 8,5221
NR21 9,4152
NR22 6,827
NR23 1,3041
NR24 2,4512
NR25 6,5572
NR25 7,3403
NR26 8,8391
NR27 0,5308
NR27 9,6555
NR28 0,9386
NR28 9,8342
NR29 3,6991
NR29 4,8505
NR29 5,4649
NR3  1,4794
NR3  2,8932
NR3  3,10529
NR3  4,9082
NR30 1,4480
NR30 2,5627
NR30 3,4467
NR30 4,7290
NR30 5,9177
NR31 0,7224
NR31 6,8897
NR31 7,11138
NR31 8,13253
NR31 9,9959
NR32 1,3966
NR32 2,9341
NR32 3,8314
NR32 4,13415
NR32 5,4052
NR33 0,8407
NR33 7,9278
NR33 8,13724
NR33 9,8498
NR34 0,2259
NR34 7,7815
NR34 8,3034
NR34 9,9407
NR35 1,5787
NR35 2,5229
NR4  6,8984
NR4  7,12778
NR5  0,8532
NR5  8,12981
NR5  9,8102
NR6  5,7183
NR6  6,7590
NR6  7,9402
NR7  0,13683
NR7  8,11163
NR7  9,7319
NR8  5,4655
NR8  6,16059
NR9  3,7428
NR9  4,4729
NR9  5,4876
NW1  0,6978
NW1  1,7696
NW1  2,1894
NW1  3,7063
NW1  4,3079
NW1  5,3102
NW1  6,5608
NW1  7,6558
NW1  8,8568
NW1  9,10463
NW10 0,11187
NW10 1,10118
NW10 2,9169
NW10 3,8577
NW10 4,10213
NW10 5,13840
NW10 6,2759
NW10 7,3646
NW10 8,13384
NW10 9,10131
NW11 0,6765
NW11 6,6437
NW11 7,5343
NW11 8,6965
NW11 9,7535
NW2  1,8897
NW2  2,7543
NW2  3,10431
NW2  4,7929
NW2  5,10166
NW2  6,11656
NW2  7,11093
NW3  1,5106
NW3  2,13135
NW3  3,8257
NW3  4,8722
NW3  5,5448
NW3  6,6135
NW3  7,5666
NW4  1,6587
NW4  2,8428
NW4  3,9282
NW4  4,7990
NW5  1,8800
NW5  2,9783
NW5  3,3884
NW5  4,9004
NW6  1,10989
NW6  2,6365
NW6  3,7485
NW6  4,7261
NW6  5,10964
NW6  6,8671
NW6  7,12880
NW7  1,6454
NW7  2,7561
NW7  3,6280
NW7  4,5660
NW8  0,7675
NW8  6,4317
NW8  7,5204
NW8  8,10754
NW8  9,6784
NW9  0,10550
NW9  5,16350
NW9  6,7672
NW9  7,6464
NW9  8,10131
NW9  9,10053
OL1  2,8559
OL1  3,3726
OL1  4,9433
OL10 1,3456
OL10 2,7285
OL10 3,8035
OL10 4,9327
OL11 1,6779
OL11 2,10719
OL11 3,9417
OL11 4,7103
OL11 5,12304
OL12 0,5467
OL12 6,12288
OL12 7,10047
OL12 8,7584
OL12 9,10791
OL13 0,3876
OL13 8,4489
OL13 9,6901
OL14 5,4681
OL14 6,3659
OL14 7,3107
OL14 8,4205
OL15 0,4017
OL15 8,5523
OL15 9,5081
OL16 1,449
OL16 2,10892
OL16 3,8556
OL16 4,11814
OL16 5,6534
OL2  5,10705
OL2  6,12877
OL2  7,10348
OL2  8,8891
OL3  5,7449
OL3  6,2849
OL3  7,4865
OL4  1,12865
OL4  2,9495
OL4  3,6180
OL4  4,7876
OL4  5,9145
OL5  0,4979
OL5  9,6062
OL6  6,5167
OL6  7,2996
OL6  8,10267
OL6  9,10682
OL7  0,5940
OL7  9,11010
OL8  1,10738
OL8  2,9604
OL8  3,10514
OL8  4,8625
OL9  0,8775
OL9  6,7462
OL9  7,6596
OL9  8,9678
OL9  9,9233
OX1  1,3288
OX1  2,1626
OX1  3,7504
OX1  4,7267
OX1  5,6222
OX10 0,5626
OX10 6,6891
OX10 7,5261
OX10 8,3250
OX10 9,5629
OX11 0,5494
OX11 7,13254
OX11 8,8936
OX11 9,5786
OX12 0,6223
OX12 7,5359
OX12 8,4909
OX12 9,9053
OX13 5,4835
OX13 6,8772
OX14 1,10183
OX14 2,8335
OX14 3,8396
OX14 4,7971
OX14 5,10121
OX15 0,2725
OX15 4,6860
OX15 5,5390
OX15 6,3325
OX16 0,11463
OX16 1,10636
OX16 2,2743
OX16 3,5058
OX16 4,3665
OX16 5,2640
OX16 9,11169
OX17 1,4356
OX17 2,6625
OX17 3,6182
OX18 1,6902
OX18 2,5617
OX18 3,9991
OX18 4,3073
OX2  0,3993
OX2  6,10921
OX2  7,9548
OX2  8,6068
OX2  9,9606
OX20 1,4786
OX25 1,2451
OX25 2,2535
OX25 3,527
OX25 4,1292
OX25 5,1807
OX25 6,1111
OX26 1,858
OX26 2,9257
OX26 3,7092
OX26 4,5910
OX26 5,1216
OX26 6,9530
OX27 0,979
OX27 7,2139
OX27 8,2915
OX27 9,554
OX28 1,7976
OX28 2,862
OX28 3,3121
OX28 4,1618
OX28 5,9325
OX28 6,4924
OX29 0,1423
OX29 4,5458
OX29 5,1351
OX29 6,2480
OX29 7,3647
OX29 8,6557
OX29 9,2396
OX3  0,11274
OX3  7,11491
OX3  8,12128
OX3  9,9029
OX33 1,7708
OX39 4,6957
OX4  1,13080
OX4  2,10381
OX4  3,12409
OX4  4,13301
OX4  6,7862
OX4  7,5630
OX44 7,5509
OX44 9,2890
OX49 5,4372
OX5  1,12189
OX5  2,8563
OX5  3,2928
OX7  3,5300
OX7  4,1443
OX7  5,8034
OX7  6,6331
OX7  7,1998
OX9  2,3529
OX9  3,9401
OX9  7,1044
PE1  1,688
PE1  2,11357
PE1  3,13876
PE1  4,14978
PE1  5,8823
PE10 0,10289
PE10 9,11862
PE11 1,8486
PE11 2,13123
PE11 3,13570
PE11 4,8534
PE12 0,6404
PE12 6,9514
PE12 7,8151
PE12 8,4627
PE12 9,11528
PE13 1,3030
PE13 2,8553
PE13 3,11285
PE13 4,6642
PE13 5,5770
PE14 0,5541
PE14 7,5949
PE14 8,5372
PE14 9,4171
PE15 0,9271
PE15 8,10633
PE15 9,10345
PE16 6,10569
PE19 1,6853
PE19 2,10083
PE19 5,6921
PE19 6,7943
PE19 7,5367
PE19 8,7290
PE2  5,15095
PE2  6,2746
PE2  7,3432
PE2  8,13471
PE2  9,10294
PE20 1,6744
PE20 2,2974
PE20 3,4422
PE21 0,9761
PE21 6,3169
PE21 7,9025
PE21 8,12352
PE21 9,8956
PE22 0,6152
PE22 7,3432
PE22 8,4066
PE22 9,3457
PE23 4,2614
PE23 5,5987
PE24 4,4179
PE24 5,7783
PE25 1,7305
PE25 2,8921
PE25 3,5652
PE26 1,5702
PE26 2,6375
PE27 3,7733
PE27 4,2545
PE27 5,5283
PE27 6,4676
PE28 0,6581
PE28 2,9151
PE28 3,9650
PE28 4,8667
PE28 5,7637
PE28 9,6417
PE29 1,12245
PE29 2,6785
PE29 3,1858
PE29 6,5591
PE29 7,3634
PE3  6,5941
PE3  7,6392
PE3  8,7004
PE3  9,9881
PE30 1,1932
PE30 2,7138
PE30 3,14534
PE30 4,13062
PE30 5,7812
PE31 6,8007
PE31 7,7402
PE31 8,4816
PE32 1,9045
PE32 2,6419
PE33 0,7830
PE33 9,8293
PE34 3,5481
PE34 4,9063
PE36 5,3757
PE36 6,2842
PE37 7,6879
PE37 8,3459
PE38 0,4869
PE38 9,10106
PE4  5,6008
PE4  6,11246
PE4  7,11423
PE5  7,1605
PE6  0,6686
PE6  7,9704
PE6  8,13205
PE6  9,6355
PE7  0,177
PE7  1,12887
PE7  2,2856
PE7  3,16271
PE7  8,10589
PE8  4,5799
PE8  5,3638
PE8  6,8258
PE9  1,9510
PE9  2,9805
PE9  3,6095
PE9  4,6127
PL1  1,792
PL1  2,2352
PL1  3,5054
PL1  4,5826
PL1  5,8926
PL10 1,3696
PL11 2,7982
PL11 3,2491
PL12 4,10689
PL12 5,2479
PL12 6,8861
PL13 1,4271
PL13 2,5271
PL14 3,8440
PL14 4,5589
PL14 5,5662
PL14 6,3530
PL15 7,6407
PL15 8,7156
PL15 9,6564
PL16 0,1771
PL17 7,5852
PL17 8,4280
PL18 9,4863
PL19 0,3035
PL19 8,6253
PL19 9,7315
PL2  1,10209
PL2  2,10780
PL2  3,10820
PL20 6,5393
PL20 7,6822
PL21 0,9587
PL21 9,7996
PL22 0,3735
PL23 1,3557
PL24 2,10270
PL25 3,11115
PL25 4,8970
PL25 5,5751
PL26 6,5199
PL26 7,9716
PL26 8,12055
PL27 6,5424
PL27 7,6939
PL28 8,4483
PL29 3,1039
PL3  4,9557
PL3  5,9348
PL3  6,12392
PL30 3,3637
PL30 4,2604
PL30 5,4432
PL31 1,8291
PL31 2,6609
PL32 9,4374
PL33 9,1665
PL34 0,1802
PL35 0,950
PL4  0,2747
PL4  6,6655
PL4  7,9179
PL4  8,10293
PL4  9,7996
PL5  1,12406
PL5  2,10023
PL5  3,11425
PL5  4,9540
PL6  5,13631
PL6  6,9281
PL6  7,8536
PL6  8,10211
PL7  1,9029
PL7  2,10901
PL7  4,9290
PL7  5,2604
PL8  1,2459
PL8  2,3337
PL9  0,2770
PL9  7,5415
PL9  8,8052
PL9  9,12035
PO1  1,4184
PO1  2,4210
PO1  3,5923
PO1  4,4896
PO1  5,9949
PO10 7,9598
PO10 8,8967
PO11 0,7951
PO11 9,9622
PO12 1,8708
PO12 2,9823
PO12 3,12232
PO12 4,17617
PO13 0,16332
PO13 8,7380
PO13 9,11452
PO14 1,7820
PO14 2,7895
PO14 3,8685
PO14 4,8136
PO15 5,7356
PO15 6,8450
PO15 7,7332
PO16 0,5704
PO16 7,7812
PO16 8,10847
PO16 9,8657
PO17 5,4706
PO17 6,1893
PO18 0,4650
PO18 8,6765
PO18 9,1744
PO19 1,1657
PO19 3,6308
PO19 5,2404
PO19 6,6995
PO19 7,7679
PO19 8,5537
PO2  0,13215
PO2  7,13011
PO2  8,8173
PO2  9,8114
PO20 0,8662
PO20 1,2484
PO20 2,3716
PO20 3,4369
PO20 7,3611
PO20 8,7440
PO20 9,2195
PO21 1,6246
PO21 2,10044
PO21 3,8104
PO21 4,7350
PO21 5,9006
PO22 0,3850
PO22 6,5920
PO22 7,5666
PO22 8,5778
PO22 9,7451
PO3  5,7702
PO3  6,11798
PO30 1,7238
PO30 2,5368
PO30 3,2357
PO30 4,3128
PO30 5,12555
PO31 7,8728
PO31 8,5830
PO32 6,8191
PO33 1,8732
PO33 2,7749
PO33 3,9483
PO33 4,5388
PO34 5,2105
PO35 5,3728
PO36 0,4708
PO36 8,5299
PO36 9,7139
PO37 6,3466
PO37 7,5706
PO38 1,6042
PO38 2,2751
PO38 3,3892
PO39 0,2673
PO4  0,14440
PO4  8,14598
PO4  9,15525
PO40 9,5496
PO41 0,2043
PO5  1,9395
PO5  2,7542
PO5  3,5799
PO5  4,7520
PO6  1,8637
PO6  2,11600
PO6  3,10003
PO6  4,10775
PO7  4,1177
PO7  5,11705
PO7  6,9988
PO7  7,9158
PO7  8,8590
PO8  0,9733
PO8  8,9584
PO8  9,14902
PO9  1,5345
PO9  2,10546
PO9  3,10193
PO9  4,10695
PO9  5,9557
PO9  6,2895
PR1  0,9743
PR1  1,3742
PR1  2,1608
PR1  3,3474
PR1  4,8924
PR1  5,9192
PR1  6,11097
PR1  7,6527
PR1  8,5606
PR1  9,12432
PR2  1,15234
PR2  2,8531
PR2  3,15077
PR2  5,2887
PR2  6,15819
PR2  7,4344
PR2  8,6920
PR2  9,11281
PR25 1,8731
PR25 2,5211
PR25 3,6813
PR25 4,6064
PR25 5,4303
PR26 6,2960
PR26 7,6473
PR26 8,2701
PR26 9,3626
PR3  0,7524
PR3  1,10397
PR3  2,5619
PR3  3,9123
PR3  5,3054
PR3  6,2674
PR4  0,7270
PR4  1,9580
PR4  2,8663
PR4  3,8450
PR4  4,6220
PR4  5,8253
PR4  6,9801
PR5  0,5631
PR5  4,11276
PR5  5,10173
PR5  6,9380
PR5  8,5202
PR6  0,10371
PR6  7,10302
PR6  8,6753
PR6  9,7651
PR7  1,6714
PR7  2,9908
PR7  3,8704
PR7  4,7081
PR7  5,10592
PR7  6,8847
PR7  7,4224
PR8  1,3091
PR8  2,9016
PR8  3,12194
PR8  4,11311
PR8  5,6281
PR8  6,12324
PR9  0,7291
PR9  7,11428
PR9  8,10240
PR9  9,14420
RG1  1,441
RG1  2,4080
RG1  3,7472
RG1  4,2618
RG1  5,9560
RG1  6,8891
RG1  7,7156
RG1  8,2582
RG10 0,5785
RG10 8,3688
RG10 9,8986
RG12 0,7560
RG12 2,5657
RG12 7,17613
RG12 8,11443
RG12 9,10188
RG14 1,6540
RG14 2,8349
RG14 3,891
RG14 5,4474
RG14 6,8747
RG14 7,9255
RG17 0,6198
RG17 7,2501
RG17 8,3134
RG17 9,3427
RG18 0,1213
RG18 3,6859
RG18 4,4845
RG18 9,6350
RG19 3,7300
RG19 4,7302
RG19 8,3250
RG2  0,5723
RG2  7,11575
RG2  8,12476
RG2  9,8261
RG20 0,2245
RG20 4,1058
RG20 5,3198
RG20 6,1587
RG20 7,2068
RG20 8,3693
RG20 9,5239
RG21 3,7995
RG21 4,3170
RG21 5,7873
RG21 6,510
RG21 7,3672
RG21 8,4003
RG22 4,21190
RG22 5,10551
RG22 6,10488
RG23 7,5346
RG23 8,7059
RG24 7,4085
RG24 8,11325
RG24 9,16194
RG25 2,4229
RG25 3,4572
RG26 3,8539
RG26 4,4603
RG26 5,9237
RG27 0,5533
RG27 8,6597
RG27 9,9128
RG28 7,5850
RG29 1,7223
RG30 1,4994
RG30 2,12547
RG30 3,8637
RG30 4,12144
RG30 6,6300
RG31 4,4518
RG31 5,6750
RG31 6,9668
RG31 7,6643
RG4  5,6853
RG4  6,7262
RG4  7,9180
RG4  8,10442
RG4  9,5833
RG40 1,7790
RG40 2,4608
RG40 3,4692
RG40 4,7880
RG40 5,1804
RG41 1,3780
RG41 2,4808
RG41 3,6602
RG41 4,3960
RG41 5,9388
RG42 1,4722
RG42 2,6453
RG42 3,5955
RG42 4,4327
RG42 5,1670
RG42 6,1445
RG42 7,1758
RG45 6,8692
RG45 7,6035
RG5  3,11070
RG5  4,14447
RG6  1,8718
RG6  3,6140
RG6  4,7776
RG6  5,6586
RG6  6,1192
RG6  7,7947
RG7  1,6789
RG7  2,2051
RG7  3,10158
RG7  4,3098
RG7  5,5680
RG7  6,4522
RG8  0,5458
RG8  7,4602
RG8  8,5957
RG8  9,3125
RG9  1,9252
RG9  2,2495
RG9  3,1991
RG9  4,2151
RG9  5,4288
RG9  6,3231
RH1  1,5247
RH1  2,7548
RH1  3,8567
RH1  4,5957
RH1  5,8408
RH1  6,10911
RH10 1,6779
RH10 3,12265
RH10 4,7165
RH10 5,6146
RH10 6,9648
RH10 7,17810
RH10 8,6133
RH11 0,9633
RH11 6,2869
RH11 7,13303
RH11 8,15945
RH11 9,14688
RH12 1,7288
RH12 2,7759
RH12 3,8785
RH12 4,10181
RH12 5,10251
RH13 0,5120
RH13 5,9435
RH13 6,8406
RH13 8,6440
RH13 9,9129
RH14 0,5920
RH14 9,8324
RH15 0,11111
RH15 8,11782
RH15 9,9004
RH16 1,7127
RH16 2,7335
RH16 3,10287
RH16 4,9174
RH17 5,6889
RH17 6,5537
RH17 7,7051
RH18 5,4502
RH19 1,7225
RH19 2,7282
RH19 3,11166
RH19 4,8179
RH2  0,7939
RH2  7,7437
RH2  8,7148
RH2  9,3997
RH20 1,5069
RH20 2,6856
RH20 3,6500
RH20 4,6822
RH3  7,4414
RH4  1,5281
RH4  2,5054
RH4  3,5316
RH5  4,7184
RH5  5,5372
RH5  6,4172
RH6  0,2661
RH6  7,6054
RH6  8,9089
RH6  9,11838
RH7  6,9325
RH8  0,9825
RH8  9,5893
RH9  8,5503
RM1  1,1554
RM1  2,4344
RM1  3,1835
RM1  4,12095
RM10 7,11116
RM10 8,14967
RM10 9,12525
RM11 1,11688
RM11 2,9730
RM11 3,10714
RM12 4,16294
RM12 5,9934
RM12 6,8394
RM13 7,9135
RM13 8,7481
RM13 9,12622
RM14 1,11393
RM14 2,8443
RM14 3,7495
RM15 4,8075
RM15 5,11317
RM15 6,8360
RM16 2,12367
RM16 3,3627
RM16 4,9974
RM16 5,766
RM16 6,14861
RM17 5,12492
RM17 6,15219
RM18 7,4780
RM18 8,12069
RM19 1,6599
RM2  5,6676
RM2  6,6655
RM20 3,1979
RM20 4,2951
RM3  0,10381
RM3  7,9224
RM3  8,10669
RM3  9,10563
RM4  1,4237
RM5  2,8908
RM5  3,9640
RM6  4,11762
RM6  5,11902
RM6  6,9404
RM7  0,10955
RM7  7,5059
RM7  8,7639
RM7  9,5601
RM8  1,11498
RM8  2,16010
RM8  3,12001
RM9  4,13024
RM9  5,12161
RM9  6,11422
S1   2,1344
S1   3,245
S1   4,9179
S10  1,15493
S10  2,5794
S10  3,10969
S10  4,6994
S10  5,8687
S11  7,10756
S11  8,13963
S11  9,10048
S12  2,12040
S12  3,8808
S12  4,13878
S13  7,9763
S13  8,13463
S13  9,7787
S14  1,9773
S17  3,7509
S17  4,8250
S18  1,7058
S18  2,6001
S18  3,1646
S18  4,1593
S18  7,1911
S18  8,6792
S2   1,9786
S2   2,11374
S2   3,8304
S2   4,6607
S2   5,8954
S20  1,6925
S20  2,3978
S20  3,334
S20  4,4036
S20  5,5667
S20  6,2621
S20  7,4011
S20  8,4156
S21  1,8076
S21  2,1474
S21  3,3037
S21  4,7468
S21  5,1206
S25  1,1253
S25  2,8831
S25  3,2040
S25  4,6678
S25  5,2533
S26  1,1652
S26  2,6980
S26  3,2567
S26  4,5928
S26  5,3302
S26  6,3845
S26  7,1899
S3   7,11027
S3   8,3108
S3   9,5411
S32  1,2040
S32  2,919
S32  3,1345
S32  4,474
S32  5,979
S33  0,1547
S33  6,1029
S33  7,355
S33  8,648
S33  9,1430
S35  0,6596
S35  1,7317
S35  2,6225
S35  3,3338
S35  4,6430
S35  7,2973
S35  8,4582
S35  9,4396
S36  1,7047
S36  2,6168
S36  3,390
S36  4,723
S36  6,6800
S36  7,1676
S36  8,1784
S36  9,3060
S4   7,7125
S4   8,7500
S40  1,4115
S40  2,11113
S40  3,9524
S40  4,11040
S41  0,13081
S41  7,6280
S41  8,11632
S41  9,5815
S42  5,12225
S42  6,11433
S42  7,4885
S43  1,8886
S43  2,7377
S43  3,13853
S43  4,10683
S44  5,8385
S44  6,13557
S45  0,1592
S45  8,3883
S45  9,8297
S5   0,11407
S5   6,13070
S5   7,12977
S5   8,13323
S5   9,9760
S6   1,11876
S6   2,7855
S6   3,7873
S6   4,13430
S6   5,9857
S6   6,8009
S60  1,1269
S60  2,6875
S60  3,7746
S60  4,6462
S60  5,15359
S61  1,7233
S61  2,12915
S61  3,7852
S61  4,8219
S62  5,6791
S62  6,4615
S62  7,8791
S63  0,8784
S63  6,9078
S63  7,6805
S63  8,7216
S63  9,6637
S64  0,7694
S64  5,2286
S64  8,13133
S64  9,7923
S65  1,5783
S65  2,13685
S65  3,8852
S65  4,7652
S66  1,5632
S66  2,9326
S66  3,6848
S66  7,10211
S66  8,9397
S66  9,5284
S7   1,9743
S7   2,7888
S70  1,5737
S70  2,1638
S70  3,8054
S70  4,8222
S70  5,7881
S70  6,7737
S71  1,8138
S71  2,9177
S71  3,9625
S71  4,10181
S71  5,8271
S72  0,3380
S72  7,4724
S72  8,13070
S72  9,4460
S73  0,11958
S73  8,8419
S73  9,6937
S74  0,7513
S74  8,4194
S74  9,6199
S75  1,7091
S75  2,8753
S75  3,7777
S75  4,4789
S75  5,8724
S75  6,6948
S8   0,11184
S8   7,12634
S8   8,12775
S8   9,10098
S80  1,5567
S80  2,9725
S80  3,5034
S80  4,10040
S81  0,11270
S81  7,10681
S81  8,7793
S81  9,8016
S9   1,12260
S9   3,3505
S9   4,8396
S9   5,4240
SE1  0,4913
SE1  1,4321
SE1  2,7981
SE1  3,8995
SE1  4,10797
SE1  5,11476
SE1  6,6479
SE1  7,5653
SE1  8,4114
SE1  9,3052
SE10 0,7906
SE10 8,7601
SE10 9,8747
SE11 4,8959
SE11 5,7381
SE11 6,5878
SE12 0,8738
SE12 8,8046
SE12 9,10661
SE13 5,12867
SE13 6,12095
SE13 7,17789
SE14 5,15206
SE14 6,9749
SE15 1,7198
SE15 2,12678
SE15 3,14534
SE15 4,8477
SE15 5,9686
SE15 6,12505
SE16 2,10229
SE16 3,10343
SE16 4,6739
SE16 5,6422
SE16 6,4969
SE16 7,6754
SE17 1,7923
SE17 2,13883
SE17 3,12160
SE18 1,14799
SE18 2,10167
SE18 3,11920
SE18 4,7771
SE18 5,10490
SE18 6,9875
SE18 7,13227
SE19 1,8902
SE19 2,7875
SE19 3,11181
SE2  0,12731
SE2  9,14676
SE20 7,11715
SE20 8,11422
SE21 7,3945
SE21 8,11484
SE22 0,10556
SE22 8,10778
SE22 9,8735
SE23 1,8735
SE23 2,13106
SE23 3,12022
SE24 0,9359
SE24 9,9766
SE25 4,12655
SE25 5,9579
SE25 6,12840
SE26 4,9890
SE26 5,8029
SE26 6,10775
SE27 0,12694
SE27 9,9386
SE28 0,11360
SE28 8,18459
SE3  0,6129
SE3  7,8748
SE3  8,9619
SE3  9,7648
SE4  1,17479
SE4  2,11566
SE5  0,9362
SE5  7,10926
SE5  8,14867
SE5  9,11616
SE6  1,16952
SE6  2,13519
SE6  3,11253
SE6  4,12143
SE7  7,12169
SE7  8,9206
SE8  3,10638
SE8  4,7626
SE8  5,9906
SE9  1,11847
SE9  2,10179
SE9  3,12993
SE9  4,12137
SE9  5,7273
SE9  6,9124
SG1  1,7307
SG1  2,7407
SG1  3,8332
SG1  4,10774
SG1  5,11196
SG1  6,6805
SG10 6,2109
SG11 1,5070
SG11 2,2987
SG12 0,9570
SG12 7,8886
SG12 8,6543
SG12 9,5403
SG13 7,10867
SG13 8,5962
SG14 1,2549
SG14 2,7328
SG14 3,9129
SG15 6,5646
SG16 6,6178
SG17 5,12339
SG18 0,7643
SG18 8,9796
SG18 9,6957
SG19 1,9757
SG19 2,9527
SG19 3,5082
SG2  0,8238
SG2  7,7839
SG2  8,12898
SG2  9,13605
SG3  6,7146
SG4  0,8903
SG4  7,5165
SG4  8,6655
SG4  9,8813
SG5  1,7312
SG5  2,8297
SG5  3,6408
SG5  4,9740
SG6  1,7247
SG6  2,7889
SG6  3,6193
SG6  4,12291
SG7  5,4454
SG7  6,8969
SG8  0,4114
SG8  5,10745
SG8  6,7320
SG8  7,7705
SG8  8,3401
SG8  9,5415
SG9  0,3256
SG9  9,6222
SK1  2,1653
SK1  3,2523
SK1  4,7502
SK10 1,3241
SK10 2,10869
SK10 3,10463
SK10 4,6461
SK10 5,9214
SK11 0,4254
SK11 6,3727
SK11 7,11828
SK11 8,12939
SK11 9,4205
SK12 1,14420
SK12 2,4866
SK13 0,1963
SK13 1,6975
SK13 2,3740
SK13 5,1453
SK13 6,6181
SK13 7,3914
SK13 8,9228
SK14 1,5977
SK14 2,4187
SK14 3,6559
SK14 4,12713
SK14 5,9964
SK14 6,4437
SK14 8,2910
SK15 1,9091
SK15 2,9286
SK15 3,9352
SK16 4,8494
SK16 5,11371
SK17 0,2967
SK17 6,8388
SK17 7,7509
SK17 8,5576
SK17 9,8124
SK2  5,14287
SK2  6,7650
SK2  7,7294
SK22 1,1139
SK22 2,2407
SK22 3,3111
SK22 4,5707
SK23 0,4629
SK23 6,2166
SK23 7,7961
SK23 9,2559
SK3  0,7159
SK3  8,12670
SK3  9,8874
SK4  1,3685
SK4  2,8069
SK4  3,8447
SK4  4,7627
SK4  5,7363
SK5  6,14124
SK5  7,8314
SK5  8,7042
SK6  1,9434
SK6  2,7133
SK6  3,4770
SK6  4,6703
SK6  5,5856
SK6  6,6661
SK6  7,6949
SK6  8,3870
SK7  1,6836
SK7  2,7185
SK7  3,6752
SK7  4,7470
SK7  5,5941
SK7  6,6719
SK8  1,5598
SK8  2,7000
SK8  3,12579
SK8  4,8653
SK8  5,8476
SK8  6,7869
SK8  7,8822
SK9  1,2366
SK9  2,9053
SK9  3,6336
SK9  4,4111
SK9  5,5108
SK9  6,5343
SK9  7,6105
SL0  0,5640
SL0  9,5603
SL1  1,5825
SL1  2,16563
SL1  3,15940
SL1  4,451
SL1  5,13965
SL1  6,7459
SL1  7,5321
SL1  8,3507
SL1  9,2560
SL2  1,15423
SL2  2,7986
SL2  3,7247
SL2  4,5532
SL2  5,17697
SL3  0,3957
SL3  6,3056
SL3  7,15147
SL3  8,17509
SL3  9,5998
SL4  1,3218
SL4  2,6651
SL4  3,8865
SL4  4,10620
SL4  5,9449
SL4  6,5025
SL5  0,3825
SL5  7,5457
SL5  8,7283
SL5  9,7571
SL6  0,4868
SL6  1,5092
SL6  2,10836
SL6  3,11282
SL6  4,7811
SL6  5,6880
SL6  6,9673
SL6  7,9514
SL6  8,6573
SL6  9,6175
SL7  1,7373
SL7  2,5605
SL7  3,8201
SL8  5,6520
SL9  0,5248
SL9  7,5460
SL9  8,4513
SL9  9,5794
SM1  1,2558
SM1  2,14040
SM1  3,11865
SM1  4,10023
SM2  5,12310
SM2  6,9920
SM2  7,5768
SM3  8,7597
SM3  9,13656
SM4  4,14676
SM4  5,9351
SM4  6,13225
SM5  1,13381
SM5  2,11333
SM5  3,7946
SM5  4,6454
SM6  0,6227
SM6  7,6527
SM6  8,11662
SM6  9,12485
SM7  1,6934
SM7  2,6967
SM7  3,4564
SN1  1,791
SN1  2,9221
SN1  3,6175
SN1  4,7508
SN1  5,5443
SN1  7,855
SN10 1,3986
SN10 2,6502
SN10 3,7688
SN10 4,5326
SN10 5,8392
SN11 0,6108
SN11 8,7459
SN11 9,9040
SN12 6,9822
SN12 7,9870
SN12 8,5800
SN13 0,4808
SN13 8,2552
SN13 9,9352
SN14 0,12859
SN14 6,7482
SN14 7,2791
SN14 8,5263
SN15 1,6794
SN15 2,5137
SN15 3,11717
SN15 4,8311
SN15 5,3540
SN16 0,6055
SN16 9,7930
SN2  1,13643
SN2  2,10937
SN2  5,5888
SN2  7,8844
SN2  8,2294
SN25 1,10063
SN25 2,9801
SN25 3,7646
SN25 4,8087
SN26 7,1553
SN26 8,292
SN3  1,7811
SN3  2,11132
SN3  3,8762
SN3  4,12779
SN3  5,4526
SN3  6,6677
SN4  0,7972
SN4  7,6872
SN4  8,6477
SN4  9,6614
SN5  0,378
SN5  3,1039
SN5  4,3939
SN5  5,8965
SN5  6,4865
SN5  7,3707
SN5  8,10473
SN6  6,7053
SN6  7,8980
SN6  8,5363
SN7  7,9193
SN7  8,4441
SN8  1,6880
SN8  2,6189
SN8  3,6966
SN8  4,4249
SN9  5,5061
SN9  6,3159
SO14 0,7849
SO14 1,3501
SO14 2,1162
SO14 3,6402
SO14 5,2536
SO14 6,6054
SO14 7,249
SO15 0,1245
SO15 1,1636
SO15 2,10135
SO15 3,7064
SO15 4,3188
SO15 5,12689
SO15 7,2962
SO15 8,3659
SO16 0,1545
SO16 2,829
SO16 3,11293
SO16 4,7303
SO16 5,7626
SO16 6,7382
SO16 7,6275
SO16 8,12496
SO16 9,11902
SO17 1,6916
SO17 2,7815
SO17 3,4805
SO18 1,8301
SO18 2,10579
SO18 3,4249
SO18 4,4184
SO18 5,7800
SO18 6,2288
SO19 0,3826
SO19 1,2979
SO19 2,6302
SO19 4,1991
SO19 5,1576
SO19 6,9347
SO19 7,7515
SO19 8,8281
SO19 9,15150
SO20 6,4394
SO20 8,3776
SO21 1,7366
SO21 2,6240
SO21 3,6168
SO22 4,11848
SO22 5,7918
SO22 6,9164
SO23 0,5550
SO23 7,9288
SO23 8,2770
SO23 9,5002
SO24 0,4311
SO24 9,7138
SO30 0,6732
SO30 2,13779
SO30 3,6192
SO30 4,5934
SO31 1,1761
SO31 4,4747
SO31 5,6408
SO31 6,11452
SO31 7,6922
SO31 8,7033
SO31 9,6906
SO32 1,7468
SO32 2,9608
SO32 3,2896
SO40 2,9410
SO40 3,7309
SO40 4,6209
SO40 7,5435
SO40 8,8319
SO40 9,5639
SO41 0,10008
SO41 3,2760
SO41 5,1436
SO41 6,3684
SO41 8,7189
SO41 9,6658
SO42 7,5331
SO43 7,4439
SO45 1,7967
SO45 2,6655
SO45 3,4788
SO45 4,5422
SO45 5,7043
SO45 6,3501
SO50 4,9181
SO50 5,10290
SO50 6,6270
SO50 7,8097
SO50 8,6816
SO50 9,6251
SO51 0,4215
SO51 5,4138
SO51 6,4585
SO51 7,8364
SO51 8,4685
SO51 9,884
SO52 9,7115
SO53 1,5290
SO53 2,8428
SO53 3,6509
SO53 4,7545
SO53 5,5049
SP1  1,5003
SP1  2,3966
SP1  3,12761
SP10 1,3931
SP10 2,9876
SP10 3,14268
SP10 4,6921
SP10 5,6108
SP11 0,3477
SP11 6,4399
SP11 7,4501
SP11 8,4125
SP11 9,7203
SP2  0,4976
SP2  7,7310
SP2  8,8417
SP2  9,8930
SP3  4,4287
SP3  5,2945
SP3  6,4195
SP4  0,2644
SP4  6,4055
SP4  7,10946
SP4  8,8082
SP4  9,5728
SP5  1,4751
SP5  2,6292
SP5  3,5798
SP5  4,2279
SP5  5,3488
SP6  1,6482
SP6  2,2766
SP6  3,4954
SP7  0,2627
SP7  8,7173
SP7  9,3905
SP8  4,11404
SP8  5,3328
SP9  7,10797
SR1  1,949
SR1  2,3536
SR1  3,987
SR2  0,9788
SR2  7,8796
SR2  8,7052
SR2  9,7664
SR3  1,12662
SR3  2,10565
SR3  3,9555
SR3  4,7070
SR4  0,7339
SR4  6,8555
SR4  7,10326
SR4  8,9481
SR4  9,6341
SR5  1,6079
SR5  2,5168
SR5  3,8559
SR5  4,6204
SR5  5,9167
SR6  0,5806
SR6  7,9887
SR6  8,6212
SR6  9,8516
SR7  0,5902
SR7  7,10242
SR7  8,7606
SR7  9,7762
SR8  1,4703
SR8  2,8371
SR8  3,7657
SR8  4,8004
SR8  5,7103
SS0  0,10081
SS0  7,10171
SS0  8,7932
SS0  9,13733
SS1  1,3172
SS1  2,14218
SS1  3,8852
SS11 7,7079
SS11 8,9845
SS12 0,7037
SS12 9,11194
SS13 1,9334
SS13 2,5456
SS13 3,7581
SS14 1,9624
SS14 2,11130
SS14 3,4438
SS15 4,5503
SS15 5,16367
SS15 6,8730
SS16 4,11957
SS16 5,9989
SS16 6,7872
SS17 0,8272
SS17 7,11603
SS17 8,9121
SS17 9,4192
SS2  4,16894
SS2  5,8511
SS2  6,11457
SS3  0,7409
SS3  8,5668
SS3  9,15846
SS4  1,11751
SS4  2,851
SS4  3,8624
SS5  4,9473
SS5  5,5954
SS5  6,6353
SS6  7,6687
SS6  8,12987
SS6  9,12474
SS7  1,9447
SS7  2,9815
SS7  3,11056
SS7  4,8793
SS7  5,10694
SS8  0,6966
SS8  7,8222
SS8  8,7557
SS8  9,15849
SS9  1,9819
SS9  2,8399
SS9  3,10621
SS9  4,9811
SS9  5,11985
ST1  2,3671
ST1  3,5054
ST1  4,4113
ST1  5,3355
ST1  6,13998
ST10 1,11409
ST10 2,5249
ST10 3,2247
ST10 4,6977
ST11 9,10107
ST12 9,3851
ST13 5,6377
ST13 6,6277
ST13 7,6857
ST13 8,8782
ST14 5,4800
ST14 7,8477
ST14 8,7496
ST15 0,9064
ST15 8,12587
ST16 1,13094
ST16 2,1734
ST16 3,16472
ST17 0,12340
ST17 4,12460
ST17 9,15362
ST18 0,10841
ST18 9,5563
ST19 5,8621
ST19 9,6294
ST2  0,10402
ST2  7,8100
ST2  8,7350
ST2  9,8721
ST20 0,6785
ST21 6,5737
ST3  1,5821
ST3  2,7888
ST3  3,8025
ST3  4,9376
ST3  5,14071
ST3  6,9795
ST3  7,13450
ST4  1,1349
ST4  2,7445
ST4  3,7401
ST4  4,6605
ST4  5,7903
ST4  6,8098
ST4  7,6817
ST4  8,12215
ST5  0,9164
ST5  1,3118
ST5  2,9251
ST5  3,9641
ST5  4,6247
ST5  5,6002
ST5  6,8894
ST5  7,11766
ST5  8,11661
ST5  9,7574
ST6  1,7333
ST6  2,2923
ST6  3,3453
ST6  4,4830
ST6  5,10198
ST6  6,14261
ST6  7,9478
ST6  8,12694
ST7  1,11147
ST7  2,12026
ST7  3,7534
ST7  4,14764
ST7  8,8002
ST8  6,11352
ST8  7,9251
ST9  0,6223
ST9  9,5571
SW10 0,9156
SW10 9,9528
SW11 1,9608
SW11 2,14068
SW11 3,11818
SW11 4,8237
SW11 5,17357
SW11 6,11429
SW12 0,7913
SW12 8,12976
SW12 9,11050
SW13 0,6994
SW13 8,1937
SW13 9,7438
SW14 7,7677
SW14 8,9340
SW15 1,10156
SW15 2,10454
SW15 3,11665
SW15 4,10454
SW15 5,10011
SW15 6,8391
SW16 1,10870
SW16 2,16678
SW16 3,8963
SW16 4,13620
SW16 5,17386
SW16 6,14316
SW17 0,14998
SW17 6,1826
SW17 7,12462
SW17 8,19720
SW17 9,15928
SW18 1,10854
SW18 2,9927
SW18 3,14720
SW18 4,10569
SW18 5,13581
SW19 1,10509
SW19 2,12283
SW19 3,10912
SW19 4,6535
SW19 5,4031
SW19 6,12163
SW19 7,6449
SW19 8,15659
SW1A 1,248
SW1E 5,260
SW1E 6,667
SW1H 0,392
SW1H 9,348
SW1P 1,2618
SW1P 2,3564
SW1P 3,863
SW1P 4,6609
SW1V 1,2168
SW1V 2,5807
SW1V 3,8676
SW1V 4,6175
SW1W 0,701
SW1W 8,5627
SW1W 9,2321
SW1X 0,1914
SW1X 7,1008
SW1X 8,1463
SW1X 9,1705
SW1Y 4,301
SW1Y 6,253
SW2  1,7394
SW2  2,12137
SW2  3,13914
SW2  4,11364
SW2  5,10130
SW20 0,9184
SW20 8,10674
SW20 9,8732
SW3  1,1112
SW3  2,4535
SW3  3,4400
SW3  4,4249
SW3  5,5045
SW3  6,3075
SW4  0,6453
SW4  6,10472
SW4  7,8517
SW4  8,7402
SW4  9,7184
SW5  0,7088
SW5  9,8577
SW6  1,7082
SW6  2,12675
SW6  3,9094
SW6  4,7381
SW6  5,7742
SW6  6,11603
SW6  7,10298
SW7  1,3780
SW7  2,2307
SW7  3,4493
SW7  4,4376
SW7  5,5114
SW8  1,11171
SW8  2,10338
SW8  3,6295
SW8  4,8634
SW8  5,376
SW9  0,11519
SW9  6,6017
SW9  7,8989
SW9  8,5618
SW9  9,11740
SY1  1,1548
SY1  2,7240
SY1  3,8523
SY1  4,9520
SY10 0,2255
SY10 7,4123
SY10 8,3565
SY10 9,4881
SY11 1,6098
SY11 2,10871
SY11 3,5843
SY11 4,4502
SY12 0,4486
SY12 9,3855
SY13 1,9818
SY13 2,4106
SY13 3,3060
SY13 4,2780
SY14 7,2450
SY14 8,3256
SY15 6,5257
SY16 1,6759
SY16 2,4299
SY16 3,2773
SY16 4,2579
SY17 5,3592
SY18 6,4700
SY19 7,1181
SY2  5,12012
SY2  6,5718
SY20 8,4627
SY20 9,2370
SY21 0,2851
SY21 7,6014
SY21 8,4747
SY21 9,2816
SY22 5,2021
SY22 6,7619
SY23 1,7382
SY23 2,4011
SY23 3,11489
SY23 4,5461
SY23 5,2857
SY24 5,4715
SY25 6,4391
SY3  0,5135
SY3  5,4400
SY3  6,2701
SY3  7,7921
SY3  8,8918
SY3  9,5084
SY4  1,3154
SY4  2,2836
SY4  3,4011
SY4  4,5935
SY4  5,8875
SY5  0,6505
SY5  6,3932
SY5  7,3206
SY5  8,3162
SY5  9,4717
SY6  6,4159
SY6  7,2467
SY7  0,3586
SY7  8,3663
SY7  9,4766
SY8  1,8532
SY8  2,3452
SY8  3,3461
SY8  4,3394
SY9  5,2927
TA1  1,5816
TA1  2,13065
TA1  3,8123
TA1  4,6164
TA1  5,6745
TA10 0,3994
TA10 9,5379
TA11 6,6502
TA11 7,2766
TA12 6,6423
TA13 5,4017
TA14 6,3018
TA15 6,839
TA16 5,2001
TA17 8,446
TA18 7,3880
TA18 8,6269
TA19 0,5836
TA19 9,5982
TA2  6,8646
TA2  7,10129
TA2  8,8044
TA20 1,7866
TA20 2,7636
TA20 3,2720
TA20 4,2335
TA21 0,4137
TA21 8,7342
TA21 9,6877
TA22 9,2647
TA23 0,5744
TA24 5,6477
TA24 6,5433
TA24 7,1866
TA24 8,5081
TA3  5,5837
TA3  6,4656
TA3  7,4077
TA4  1,5338
TA4  2,4280
TA4  3,5435
TA4  4,4004
TA5  1,5318
TA5  2,4949
TA6  3,9676
TA6  4,12791
TA6  5,6000
TA6  6,11269
TA6  7,7100
TA7  0,4971
TA7  8,6014
TA7  9,4163
TA8  1,7642
TA8  2,9484
TA9  3,8279
TA9  4,4238
TD12 4,1175
TD15 1,5508
TD15 2,11844
TF1  1,4360
TF1  2,7185
TF1  3,7680
TF1  5,8679
TF1  6,9653
TF10 7,10632
TF10 8,4553
TF10 9,3418
TF11 8,6427
TF11 9,3589
TF12 5,5671
TF13 6,3736
TF2  0,2667
TF2  6,7015
TF2  7,7957
TF2  8,10450
TF2  9,11156
TF3  1,10980
TF3  2,9145
TF3  5,4095
TF4  2,9228
TF4  3,9173
TF5  0,5406
TF6  5,1451
TF6  6,3601
TF7  4,5981
TF7  5,11847
TF8  7,2935
TF9  1,6352
TF9  2,6189
TF9  3,8344
TF9  4,4863
TN1  1,3873
TN1  2,7498
TN10 3,8059
TN10 4,8404
TN11 0,4452
TN11 8,3729
TN11 9,5843
TN12 0,6013
TN12 5,3342
TN12 6,10520
TN12 7,2895
TN12 8,2461
TN12 9,4570
TN13 1,5489
TN13 2,9374
TN13 3,10409
TN14 5,6772
TN14 6,3360
TN14 7,5002
TN15 0,4277
TN15 6,9768
TN15 7,3478
TN15 8,5121
TN15 9,1962
TN16 1,5079
TN16 2,2537
TN16 3,11893
TN17 1,2580
TN17 2,3621
TN17 3,4852
TN17 4,3830
TN18 4,4007
TN18 5,2677
TN19 7,5056
TN2  3,10020
TN2  4,8715
TN2  5,10009
TN20 6,3758
TN21 0,5927
TN21 8,7232
TN21 9,3001
TN22 1,6380
TN22 2,3429
TN22 3,4276
TN22 4,3518
TN22 5,8870
TN23 1,1739
TN23 3,14072
TN23 4,5217
TN23 5,14701
TN23 6,1545
TN23 7,3066
TN24 0,14372
TN24 8,6118
TN24 9,11482
TN25 4,4896
TN25 5,3625
TN25 6,5031
TN25 7,2177
TN26 1,2760
TN26 2,3522
TN26 3,5023
TN27 0,4113
TN27 8,3917
TN27 9,4510
TN28 8,8549
TN29 0,7524
TN29 9,6385
TN3  0,5664
TN3  8,1724
TN3  9,4462
TN30 6,5688
TN30 7,3721
TN31 6,6515
TN31 7,7178
TN32 5,5296
TN33 0,8286
TN33 9,4600
TN34 1,5800
TN34 2,12435
TN34 3,11788
TN35 4,6795
TN35 5,10603
TN36 4,2327
TN37 6,10301
TN37 7,10490
TN38 0,14271
TN38 8,4736
TN38 9,10352
TN39 3,10430
TN39 4,9981
TN39 5,5644
TN4  0,9154
TN4  8,9198
TN4  9,14248
TN40 1,7374
TN40 2,10242
TN5  6,4937
TN5  7,3915
TN6  1,8165
TN6  2,10432
TN6  3,6105
TN7  4,2175
TN8  5,5271
TN8  6,4892
TN8  7,2657
TN9  1,7097
TN9  2,11139
TQ1  1,8279
TQ1  2,4449
TQ1  3,9095
TQ1  4,10230
TQ10 9,4073
TQ11 0,4179
TQ12 1,11420
TQ12 2,5253
TQ12 3,10567
TQ12 4,8684
TQ12 5,9012
TQ12 6,8650
TQ13 0,6143
TQ13 7,5552
TQ13 8,3878
TQ13 9,7817
TQ14 0,1780
TQ14 8,7568
TQ14 9,10329
TQ2  5,4870
TQ2  6,10432
TQ2  7,11006
TQ2  8,7611
TQ3  1,8414
TQ3  2,8495
TQ3  3,13798
TQ4  5,5870
TQ4  6,4146
TQ4  7,8839
TQ5  0,6040
TQ5  8,5084
TQ5  9,8394
TQ6  0,3238
TQ6  9,5120
TQ7  1,5953
TQ7  2,3911
TQ7  3,3733
TQ7  4,3077
TQ8  8,2093
TQ9  5,8166
TQ9  6,4726
TQ9  7,4559
TR1  1,8769
TR1  2,3273
TR1  3,8720
TR10 8,7172
TR10 9,4211
TR11 2,8418
TR11 3,4760
TR11 4,6859
TR11 5,9109
TR12 6,4174
TR12 7,5516
TR13 0,4328
TR13 8,10202
TR13 9,5513
TR14 0,4725
TR14 7,8849
TR14 8,8930
TR14 9,2402
TR15 1,6128
TR15 2,6208
TR15 3,7982
TR16 4,5440
TR16 5,5171
TR16 6,3705
TR17 0,1463
TR18 2,5304
TR18 3,6441
TR18 4,4771
TR18 5,3574
TR19 6,3336
TR19 7,5797
TR2  4,5381
TR2  5,4189
TR20 8,4761
TR20 9,4634
TR21 0,1741
TR22 0,169
TR24 0,175
TR25 0,136
TR26 1,3782
TR26 2,6294
TR26 3,1694
TR27 4,7373
TR27 5,4335
TR27 6,3221
TR3  6,7987
TR3  7,4550
TR4  8,6095
TR4  9,5075
TR5  0,3926
TR6  0,3554
TR7  1,6282
TR7  2,8483
TR7  3,5649
TR8  4,3544
TR8  5,4517
TR9  6,8316
TS1  1,148
TS1  2,1469
TS1  3,5964
TS1  4,8609
TS1  5,1201
TS10 1,7073
TS10 2,11213
TS10 3,5497
TS10 4,9028
TS10 5,4675
TS11 6,3935
TS11 7,4437
TS11 8,3703
TS12 1,6024
TS12 2,12992
TS12 3,3748
TS13 4,8077
TS13 5,2407
TS14 6,6951
TS14 7,5831
TS14 8,5040
TS15 0,2430
TS15 9,10514
TS16 0,7527
TS16 9,3037
TS17 0,14150
TS17 5,10456
TS17 6,4419
TS17 7,2184
TS17 8,6571
TS17 9,7841
TS18 1,2355
TS18 2,3377
TS18 3,6073
TS18 4,6362
TS18 5,6984
TS19 0,12478
TS19 7,9082
TS19 8,10125
TS19 9,5844
TS2  1,781
TS20 1,11360
TS20 2,9609
TS21 1,3978
TS21 2,3009
TS21 3,3205
TS21 4,2616
TS22 5,8601
TS23 1,6055
TS23 2,7834
TS23 3,14962
TS23 4,1710
TS24 0,6513
TS24 7,1334
TS24 8,6215
TS24 9,8020
TS25 1,9285
TS25 2,7885
TS25 3,5683
TS25 4,5886
TS25 5,10519
TS26 0,12893
TS26 8,5608
TS26 9,7233
TS27 3,5449
TS27 4,7015
TS28 5,5335
TS29 6,6336
TS3  0,7293
TS3  6,3156
TS3  7,7251
TS3  8,4534
TS3  9,7749
TS4  2,8522
TS4  3,8899
TS5  4,5860
TS5  5,8166
TS5  6,7984
TS5  7,6516
TS5  8,11633
TS6  0,10298
TS6  6,3184
TS6  7,4777
TS6  8,2949
TS6  9,9478
TS7  0,6608
TS7  8,9344
TS7  9,6076
TS8  0,9580
TS8  9,11666
TS9  5,5382
TS9  6,5254
TS9  7,2242
TW1  1,8207
TW1  2,6221
TW1  3,3806
TW1  4,7440
TW10 5,3018
TW10 6,8491
TW10 7,7855
TW11 0,6672
TW11 8,8602
TW11 9,8397
TW12 1,7108
TW12 2,9532
TW12 3,6625
TW13 4,12821
TW13 5,9643
TW13 6,8398
TW13 7,5800
TW14 0,6161
TW14 8,9819
TW14 9,12355
TW15 1,10600
TW15 2,8114
TW15 3,9055
TW16 5,5102
TW16 6,5663
TW16 7,9602
TW17 0,5366
TW17 8,6495
TW17 9,2539
TW18 1,9019
TW18 2,7629
TW18 3,4444
TW18 4,5371
TW19 5,3998
TW19 6,1385
TW19 7,10814
TW2  5,9532
TW2  6,10752
TW2  7,10703
TW20 0,10412
TW20 8,7942
TW20 9,6768
TW3  1,8434
TW3  2,10552
TW3  3,12644
TW3  4,8986
TW4  5,10028
TW4  6,5795
TW4  7,11709
TW5  0,14111
TW5  9,15682
TW7  4,8064
TW7  5,9264
TW7  6,10647
TW7  7,9984
TW8  0,8812
TW8  8,5063
TW8  9,6011
TW9  1,4117
TW9  2,6538
TW9  3,4579
TW9  4,6636
UB1  1,10445
UB1  2,20235
UB1  3,10145
UB10 0,10834
UB10 8,12177
UB10 9,10857
UB2  4,13144
UB2  5,19455
UB3  1,10078
UB3  2,14220
UB3  3,7732
UB3  4,10522
UB3  5,6117
UB4  0,14539
UB4  8,13157
UB4  9,12364
UB5  4,16407
UB5  5,12969
UB5  6,17093
UB6  0,12780
UB6  7,8820
UB6  8,14788
UB6  9,15550
UB7  0,3819
UB7  7,9133
UB7  8,7212
UB7  9,9818
UB8  1,5074
UB8  2,12474
UB8  3,19466
UB9  4,2437
UB9  5,4780
UB9  6,7481
W10  4,10623
W10  5,12029
W10  6,11932
W11  1,10779
W11  2,7117
W11  3,4849
W11  4,9104
W12  0,14867
W12  7,11450
W12  8,9139
W12  9,14039
W13  0,10617
W13  8,7466
W13  9,14689
W14  0,11721
W14  8,11869
W14  9,14309
W1B  1,512
W1D  3,254
W1D  4,419
W1D  6,662
W1D  7,223
W1F  0,989
W1F  7,535
W1G  6,855
W1G  7,325
W1G  8,1447
W1G  9,332
W1H  1,1126
W1H  2,1882
W1H  4,790
W1H  5,1222
W1H  7,1335
W1J  5,311
W1J  6,152
W1J  7,795
W1J  8,282
W1K  1,320
W1K  2,605
W1K  3,289
W1K  4,144
W1K  5,234
W1K  6,855
W1K  7,594
W1S  1,151
W1T  1,458
W1T  2,642
W1T  3,209
W1T  4,708
W1T  5,1829
W1T  6,254
W1U  1,361
W1U  2,249
W1U  3,549
W1U  4,1168
W1U  5,1287
W1U  6,1334
W1U  8,763
W1W  5,1548
W1W  6,2052
W1W  7,880
W2   1,7519
W2   2,5990
W2   3,7651
W2   4,8064
W2   5,11131
W2   6,8555
W3   0,6872
W3   6,12915
W3   7,13916
W3   8,11144
W3   9,8158
W4   1,8445
W4   2,10064
W4   3,11672
W4   4,5191
W4   5,9135
W5   1,10230
W5   2,10289
W5   3,10363
W5   4,14683
W5   5,4935
W6   0,12296
W6   7,6130
W6   8,8971
W6   9,8730
W7   1,9889
W7   2,7823
W7   3,11570
W8   4,3754
W8   5,5037
W8   6,6059
W8   7,5911
W9   1,13183
W9   2,11169
W9   3,13637
WA1  1,817
WA1  2,2238
WA1  3,10168
WA1  4,8548
WA10 1,2334
WA10 2,4844
WA10 3,9567
WA10 4,8322
WA10 5,6116
WA10 6,7895
WA11 0,16432
WA11 7,6677
WA11 8,5976
WA11 9,11884
WA12 0,4358
WA12 8,8009
WA12 9,9912
WA13 0,6823
WA13 9,6150
WA14 1,3135
WA14 2,5683
WA14 3,4436
WA14 4,6909
WA14 5,7833
WA15 0,5038
WA15 6,12794
WA15 7,10525
WA15 8,8932
WA15 9,5850
WA16 0,5962
WA16 6,2978
WA16 7,3344
WA16 8,7725
WA16 9,3796
WA2  0,17863
WA2  7,7529
WA2  8,5942
WA2  9,9914
WA3  1,3387
WA3  2,9940
WA3  3,10339
WA3  4,4678
WA3  5,4553
WA3  6,10730
WA3  7,4660
WA4  1,10115
WA4  2,13370
WA4  3,4249
WA4  4,3364
WA4  5,7326
WA4  6,8767
WA5  0,6024
WA5  1,13340
WA5  2,10259
WA5  3,11304
WA5  4,3956
WA5  7,1744
WA5  8,6923
WA5  9,5601
WA6  0,3895
WA6  6,4742
WA6  7,5511
WA6  8,2500
WA6  9,2483
WA7  1,6262
WA7  2,15692
WA7  3,3572
WA7  4,9284
WA7  5,13156
WA7  6,16010
WA8  0,3311
WA8  3,6775
WA8  4,6937
WA8  5,2025
WA8  6,7459
WA8  7,10808
WA8  8,12950
WA8  9,12357
WA9  1,5179
WA9  2,6797
WA9  3,11535
WA9  4,13736
WA9  5,12167
WC1A 1,270
WC1A 2,279
WC1B 3,1103
WC1B 4,582
WC1E 6,1295
WC1E 7,1011
WC1H 0,1297
WC1H 8,2904
WC1H 9,4219
WC1N 1,3231
WC1N 2,1641
WC1N 3,2502
WC1R 4,636
WC1V 6,371
WC1V 7,599
WC1X 0,3373
WC1X 8,313
WC1X 9,4353
WC2B 4,658
WC2B 5,1269
WC2E 7,647
WC2E 9,266
WC2H 0,786
WC2H 7,245
WC2H 8,199
WC2H 9,1287
WC2N 4,281
WC2N 5,467
WC2N 6,292
WD17 1,1099
WD17 2,3244
WD17 3,3928
WD17 4,7690
WD18 0,7906
WD18 6,5039
WD18 7,11013
WD18 8,646
WD19 4,9954
WD19 5,4915
WD19 6,7173
WD19 7,5638
WD23 1,5818
WD23 2,8208
WD23 3,5517
WD23 4,6381
WD24 4,4194
WD24 5,6834
WD24 6,5228
WD24 7,5600
WD25 0,8132
WD25 7,8363
WD25 8,1369
WD25 9,10253
WD3  1,4371
WD3  3,11704
WD3  4,3763
WD3  5,7534
WD3  6,1176
WD3  7,3599
WD3  8,6367
WD3  9,2602
WD4  8,7939
WD4  9,3439
WD5  0,11625
WD6  1,7406
WD6  2,9064
WD6  3,5482
WD6  4,8506
WD6  5,7505
WD7  7,2973
WD7  8,5280
WD7  9,4354
WF1  1,1164
WF1  2,7171
WF1  3,8921
WF1  4,10327
WF1  5,6691
WF10 1,2555
WF10 2,9067
WF10 3,12693
WF10 4,11041
WF10 5,10608
WF11 0,6063
WF11 8,6511
WF11 9,4598
WF12 0,9684
WF12 7,8191
WF12 8,6582
WF12 9,9897
WF13 1,1502
WF13 2,6457
WF13 3,11578
WF13 4,8230
WF14 0,7226
WF14 8,3952
WF14 9,8603
WF15 6,5218
WF15 7,7595
WF15 8,5081
WF16 0,4912
WF16 9,7851
WF17 0,8148
WF17 5,3415
WF17 6,7160
WF17 7,13189
WF17 8,6424
WF17 9,5868
WF2  0,11452
WF2  6,8208
WF2  7,8183
WF2  8,13876
WF2  9,9873
WF3  1,11504
WF3  2,5218
WF3  3,8832
WF3  4,7404
WF4  1,8844
WF4  2,6569
WF4  3,9335
WF4  4,9016
WF4  5,5178
WF4  6,4848
WF5  0,8800
WF5  8,6130
WF5  9,6538
WF6  1,11593
WF6  2,9962
WF7  5,6956
WF7  6,6474
WF7  7,6978
WF8  1,4562
WF8  2,14711
WF8  3,6010
WF8  4,7454
WF9  1,6889
WF9  2,10482
WF9  3,8628
WF9  4,9085
WF9  5,4598
WN1  1,440
WN1  2,9873
WN1  3,9949
WN2  1,8531
WN2  2,8244
WN2  3,9440
WN2  4,15639
WN2  5,11507
WN3  4,5620
WN3  5,11830
WN3  6,12811
WN4  0,9938
WN4  8,9005
WN4  9,10140
WN5  0,8508
WN5  7,11289
WN5  8,11285
WN5  9,13188
WN6  0,13398
WN6  7,9607
WN6  8,12102
WN6  9,5189
WN7  1,9185
WN7  2,10138
WN7  3,10255
WN7  4,7294
WN7  5,11038
WN8  0,6263
WN8  6,16884
WN8  7,4335
WN8  8,10411
WN8  9,8588
WR1  1,3856
WR1  2,1738
WR1  3,3459
WR10 1,6949
WR10 2,6075
WR10 3,4898
WR11 1,6927
WR11 2,6827
WR11 3,4124
WR11 4,8035
WR11 7,8572
WR11 8,7591
WR12 7,5496
WR13 5,3546
WR13 6,4739
WR14 1,11786
WR14 2,11112
WR14 3,6266
WR14 4,5424
WR15 8,7177
WR2  4,9889
WR2  5,11794
WR2  6,8549
WR3  7,11272
WR3  8,9428
WR4  0,10669
WR4  9,15658
WR5  1,10337
WR5  2,8491
WR5  3,12674
WR6  5,5113
WR6  6,7112
WR7  4,5039
WR8  0,5771
WR8  9,2842
WR9  0,5590
WR9  7,9903
WR9  8,11439
WR9  9,4441
WS1  1,417
WS1  2,7947
WS1  3,9077
WS1  4,10134
WS10 0,14356
WS10 7,5996
WS10 8,12899
WS10 9,13982
WS11 0,4316
WS11 1,8899
WS11 4,4525
WS11 5,7545
WS11 6,3971
WS11 7,4552
WS11 8,1696
WS11 9,7562
WS12 0,3396
WS12 1,4936
WS12 2,6616
WS12 3,5099
WS12 4,15753
WS13 6,8922
WS13 7,11070
WS13 8,6932
WS14 0,4516
WS14 9,12780
WS15 1,10221
WS15 2,14941
WS15 3,4167
WS15 4,7631
WS2  0,8676
WS2  7,8152
WS2  8,10857
WS2  9,11502
WS3  1,12611
WS3  2,13276
WS3  3,13777
WS3  4,8945
WS3  5,2046
WS4  1,12403
WS4  2,4589
WS5  3,9874
WS5  4,11833
WS6  6,9572
WS6  7,8814
WS7  0,3892
WS7  1,5240
WS7  2,5550
WS7  3,1523
WS7  4,7608
WS7  9,6384
WS8  6,6143
WS8  7,9617
WS9  0,9492
WS9  8,8755
WS9  9,8709
WV1  1,2498
WV1  2,9754
WV1  3,719
WV1  4,3749
WV10 0,11435
WV10 6,11805
WV10 7,7091
WV10 8,12086
WV10 9,14607
WV11 1,12070
WV11 2,10959
WV11 3,11928
WV12 4,10529
WV12 5,15406
WV13 1,5872
WV13 2,7203
WV13 3,7792
WV14 0,6016
WV14 6,8733
WV14 7,4409
WV14 8,14547
WV14 9,13990
WV15 5,3795
WV15 6,4232
WV16 4,7191
WV16 5,3396
WV16 6,6894
WV2  1,3189
WV2  2,5133
WV2  3,4212
WV2  4,2348
WV3  0,7403
WV3  7,6890
WV3  8,6814
WV3  9,8187
WV4  4,13529
WV4  5,11504
WV4  6,10482
WV5  0,5778
WV5  7,2800
WV5  8,4149
WV5  9,3332
WV6  0,13533
WV6  7,13532
WV6  8,10899
WV6  9,7534
WV7  3,7246
WV8  1,11317
WV8  2,4436
WV9  5,7311
YO1  6,1999
YO1  7,739
YO1  9,1826
YO10 3,13008
YO10 4,9127
YO10 5,8698
YO11 1,4014
YO11 2,7551
YO11 3,11589
YO12 4,9123
YO12 5,9815
YO12 6,10797
YO12 7,11564
YO13 0,5223
YO13 9,4999
YO14 0,5560
YO14 9,5821
YO15 1,3454
YO15 2,4747
YO15 3,5690
YO16 4,9636
YO16 6,7620
YO16 7,8503
YO17 6,2813
YO17 7,4942
YO17 8,5827
YO17 9,7866
YO18 7,5511
YO18 8,5367
YO19 4,1480
YO19 5,4458
YO19 6,7118
YO21 1,6004
YO21 2,3113
YO21 3,5171
YO22 4,5917
YO22 5,2908
YO23 1,8345
YO23 2,3949
YO23 3,6137
YO23 7,1108
YO24 1,5595
YO24 2,7599
YO24 3,8783
YO24 4,8010
YO25 3,2462
YO25 4,4782
YO25 5,7091
YO25 6,6135
YO25 8,6016
YO25 9,7193
YO26 4,6158
YO26 5,11889
YO26 6,5505
YO26 7,2114
YO26 8,2970
YO26 9,1899
YO30 1,2447
YO30 2,1820
YO30 4,2877
YO30 5,7627
YO30 6,9709
YO30 7,2425
YO31 0,6665
YO31 1,4683
YO31 7,5352
YO31 8,7183
YO31 9,6691
YO32 2,5253
YO32 3,6919
YO32 4,2767
YO32 5,6114
YO32 9,7531
YO41 1,6077
YO41 4,2172
YO41 5,2708
YO42 1,2115
YO42 2,8430
YO42 4,4175
YO43 3,7440
YO43 4,4984
YO51 9,5595
YO60 6,1654
YO60 7,3139
YO61 1,5274
YO61 2,1234
YO61 3,5353
YO61 4,2295
YO62 4,2984
YO62 5,2833
YO62 6,4493
YO62 7,1881
YO7  1,9350
YO7  2,2709
YO7  3,4641
YO7  4,3518
YO8  3,4488
YO8  4,7076
YO8  5,6630
YO8  6,5152
YO8  8,8507
YO8  9,12363
CF10 1,810
CF10 2,1745
CF10 3,1984
CF10 4,4108
CF10 5,6129
CF11 0,2277
CF11 6,12385
CF11 7,10006
CF11 8,3947
CF11 9,7843
CF14 0,5409
CF14 1,10319
CF14 2,10997
CF14 3,12128
CF14 4,9356
CF14 5,9653
CF14 6,9107
CF14 7,4678
CF14 9,7077
CF15 7,5605
CF15 8,6489
CF15 9,5928
CF23 5,10313
CF23 6,10863
CF23 7,8128
CF23 8,7435
CF23 9,10814
CF24 0,5480
CF24 1,5680
CF24 2,13070
CF24 3,11618
CF24 4,20296
CF24 5,337
CF3  0,12344
CF3  1,4738
CF3  2,3366
CF3  3,6961
CF3  4,5903
CF3  5,8027
CF3  6,1350
CF31 1,9302
CF31 2,11880
CF31 3,4346
CF31 4,13588
CF31 5,6266
CF32 0,5000
CF32 7,6263
CF32 8,7870
CF32 9,11102
CF33 4,7137
CF33 6,7487
CF34 0,11054
CF34 9,9788
CF35 5,5671
CF35 6,10661
CF36 3,9109
CF36 5,7074
CF37 1,10433
CF37 2,5576
CF37 3,7607
CF37 4,6950
CF37 5,8183
CF38 1,10034
CF38 2,13503
CF39 0,5582
CF39 8,15439
CF39 9,8227
CF40 1,9581
CF40 2,11237
CF41 7,10875
CF42 5,6114
CF42 6,7456
CF43 3,4596
CF43 4,7420
CF44 0,7904
CF44 6,9975
CF44 7,3702
CF44 8,9144
CF44 9,8922
CF45 3,10368
CF45 4,9403
CF46 5,6426
CF46 6,8012
CF47 0,7635
CF47 8,3251
CF47 9,11244
CF48 1,9097
CF48 2,6276
CF48 3,4317
CF48 4,7896
CF5  1,11529
CF5  2,9936
CF5  3,12288
CF5  4,16551
CF5  5,11495
CF5  6,4962
CF61 1,4851
CF61 2,5243
CF62 3,6983
CF62 4,5189
CF62 5,2686
CF62 6,5866
CF62 7,7352
CF62 8,7345
CF62 9,6481
CF63 1,9369
CF63 2,5497
CF63 3,1418
CF63 4,5882
CF64 1,5415
CF64 2,8281
CF64 3,8554
CF64 4,7886
CF64 5,6845
CF71 7,9150
CF72 8,11030
CF72 9,14813
CF81 8,8350
CF81 9,8264
CF82 6,843
CF82 7,13527
CF82 8,6087
CF83 1,12663
CF83 2,13013
CF83 3,12430
CF83 4,6875
CF83 8,10878
LD1  5,5578
LD1  6,5888
LD2  3,5751
LD3  0,4302
LD3  7,5341
LD3  8,4552
LD3  9,5259
LD4  4,777
LD5  4,1118
LD6  5,2711
LD7  1,4866
LD8  2,4200
LL11 1,705
LL11 2,7665
LL11 3,7141
LL11 4,9380
LL11 5,6954
LL11 6,6916
LL12 0,8135
LL12 7,7510
LL12 8,7793
LL12 9,5203
LL13 0,8068
LL13 7,8044
LL13 8,8132
LL13 9,11010
LL14 1,4774
LL14 2,8454
LL14 3,7129
LL14 4,4181
LL14 5,5087
LL14 6,4170
LL15 1,7394
LL15 2,3558
LL16 3,6768
LL16 4,4869
LL16 5,4387
LL17 0,5334
LL18 1,3986
LL18 2,8566
LL18 3,4713
LL18 4,10746
LL18 5,9869
LL18 6,3123
LL19 7,7186
LL19 8,7843
LL19 9,5116
LL20 7,4793
LL20 8,3616
LL21 0,2324
LL21 9,3808
LL22 7,8194
LL22 8,5508
LL22 9,4194
LL23 7,4410
LL24 0,1959
LL25 0,478
LL26 0,4627
LL27 0,791
LL28 4,8248
LL28 5,6066
LL29 6,1963
LL29 7,4445
LL29 8,6385
LL29 9,7758
LL30 1,9728
LL30 2,7468
LL30 3,4933
LL31 9,9579
LL32 8,6590
LL33 0,3919
LL34 6,4401
LL35 0,886
LL36 0,1517
LL36 9,3208
LL37 2,530
LL38 2,729
LL39 1,312
LL40 1,2165
LL40 2,2013
LL41 3,3036
LL41 4,3513
LL42 1,2550
LL43 2,471
LL44 2,1085
LL45 2,651
LL46 2,1920
LL47 6,556
LL48 6,2615
LL49 9,4703
LL51 9,636
LL52 0,2680
LL53 5,4669
LL53 6,5640
LL53 7,3513
LL53 8,3591
LL54 5,3303
LL54 6,4181
LL54 7,3882
LL55 1,5228
LL55 2,6880
LL55 3,3171
LL55 4,6655
LL56 4,2308
LL57 1,6179
LL57 2,9982
LL57 3,5686
LL57 4,6144
LL58 8,3900
LL59 5,5692
LL60 6,3183
LL61 5,3141
LL61 6,2976
LL62 5,1722
LL63 5,1384
LL64 5,1018
LL65 1,5418
LL65 2,8393
LL65 3,6597
LL65 4,3528
LL67 0,1371
LL68 0,1307
LL68 9,5148
LL69 9,601
LL70 9,356
LL71 7,229
LL71 8,1515
LL72 8,717
LL73 8,256
LL74 8,2260
LL75 8,1507
LL76 8,326
LL77 7,7448
LL78 8,513
NP10 0,1513
NP10 8,12248
NP10 9,9698
NP11 3,4992
NP11 4,5843
NP11 5,6683
NP11 6,11498
NP11 7,9201
NP12 0,8110
NP12 1,8590
NP12 2,8947
NP12 3,8250
NP13 1,8876
NP13 2,6311
NP13 3,4861
NP15 1,5470
NP15 2,2482
NP16 5,11522
NP16 6,6983
NP16 7,5715
NP18 1,4849
NP18 2,6388
NP18 3,6231
NP19 0,10983
NP19 4,4971
NP19 7,12982
NP19 8,9426
NP19 9,13837
NP20 1,698
NP20 2,7600
NP20 3,11105
NP20 4,6582
NP20 5,9591
NP20 6,8086
NP20 7,7690
NP22 3,7759
NP22 4,7512
NP22 5,6998
NP23 4,10279
NP23 5,10868
NP23 6,8513
NP23 7,2769
NP23 8,1450
NP24 6,5021
NP25 3,5388
NP25 4,3524
NP25 5,6419
NP26 3,9409
NP26 4,7755
NP26 5,5609
NP4  0,7920
NP4  5,9403
NP4  6,7271
NP4  7,6958
NP4  8,8369
NP4  9,6122
NP44 1,8372
NP44 2,5500
NP44 3,7261
NP44 4,6754
NP44 5,5852
NP44 6,5230
NP44 7,5331
NP44 8,3397
NP7  0,3942
NP7  5,4757
NP7  6,5895
NP7  7,3064
NP7  8,3198
NP7  9,5502
NP8  1,5609
SA1  1,3326
SA1  2,5502
SA1  3,3905
SA1  4,4677
SA1  5,450
SA1  6,15672
SA1  7,6497
SA1  8,7574
SA10 6,9371
SA10 7,10246
SA10 8,6646
SA10 9,3896
SA11 1,6211
SA11 2,10158
SA11 3,11607
SA11 4,3169
SA11 5,5849
SA12 6,10731
SA12 7,8553
SA12 8,6895
SA12 9,6842
SA13 1,5959
SA13 2,8581
SA13 3,5341
SA14 6,6910
SA14 7,6309
SA14 8,13035
SA14 9,8088
SA15 1,9722
SA15 2,8478
SA15 3,7071
SA15 4,5427
SA15 5,6447
SA16 0,8642
SA17 4,6236
SA17 5,3275
SA18 1,9687
SA18 2,9100
SA18 3,11231
SA19 6,3003
SA19 7,2716
SA19 8,2230
SA19 9,1547
SA2  0,13799
SA2  7,11830
SA2  8,6262
SA2  9,6923
SA20 0,3614
SA3  1,3193
SA3  2,2830
SA3  3,3716
SA3  4,7534
SA3  5,9251
SA31 1,5812
SA31 2,3925
SA31 3,7373
SA32 7,4110
SA32 8,3732
SA33 4,5426
SA33 5,2952
SA33 6,4104
SA34 0,5458
SA35 0,723
SA36 0,399
SA37 0,1301
SA38 9,4813
SA39 9,2347
SA4  0,3123
SA4  3,10546
SA4  4,11185
SA4  6,7445
SA4  8,6775
SA4  9,5776
SA40 9,3620
SA41 3,1902
SA42 0,2331
SA43 1,4757
SA43 2,5271
SA43 3,2645
SA44 4,3904
SA44 5,5013
SA44 6,2698
SA45 9,1748
SA46 0,2762
SA47 0,1264
SA48 7,4606
SA48 8,4443
SA5  4,5584
SA5  5,8164
SA5  7,6210
SA5  8,8540
SA5  9,8367
SA6  5,9025
SA6  6,13511
SA6  7,7413
SA6  8,4614
SA61 1,8131
SA61 2,6290
SA62 3,5227
SA62 4,4531
SA62 5,5688
SA62 6,6123
SA63 4,1124
SA64 0,2488
SA65 9,4427
SA66 7,3054
SA67 7,2341
SA67 8,4665
SA68 0,4353
SA69 9,3572
SA7  0,2068
SA7  9,13218
SA70 7,3261
SA70 8,6578
SA71 4,5698
SA71 5,4688
SA72 4,836
SA72 6,9862
SA73 1,8368
SA73 2,6908
SA73 3,5304
SA8  3,4821
SA8  4,7873
SA9  1,7986
SA9  2,7362
